姓名,性别,民族,身份证,出生日期,手机号码,邮箱,家庭住址
终馨,女,珞巴族,0,-1389684558,13488888880,3q3yak2s@live.com,滕县路115号-13-5-0
笪强明,男,柯尔克孜族,1,-1977697926,13588888881,xjlr4eu@msn.com,滕县路115号-13-5-0
牛琴瑗,女,傈僳族,2,-2083652777,13688888882,zkckyiy2@163.com,春城街147号-9-8-2
武珠,女,畲族,3,-1346362562,13788888883,6p9fajaq@ask.com,春城街147号-9-8-2
陶风盛,男,哈萨克族,4,-2130920450,13888888884,rq74g@yahoo.com.cn,湛山三路89号-17-7-4
范庆,男,阿昌族,5,-1362270889,13988888885,kc6zgrk@gmail.com,湛山三路89号-17-7-4
平育佳,女,独龙族,6,-1665888035,15088888886,h5idy5lo@qq.com,澳门五路51号-3-10-6
甄华,女,满族,7,-1085510560,15188888887,hwaahn@hotmail.com,澳门五路51号-3-10-6
乜蓓苑,女,俄罗斯族,8,-1056300437,15288888888,qhbv102n@googlemail.com,龙口街52号-6-10-8
南薇霭,女,水族,9,-1184544899,15788888889,idecqizw@hotmail.com,龙口街52号-6-10-8
武强榕,男,东乡族,10,-1930412749,15888888810,sto9f8o@126.com,祚山路55号-11-9-10
竺伦,男,藏族,11,-1741195303,15988888811,x4p2l@yahoo.com.cn,祚山路55号-11-9-10
经君,女,羌族,12,-2147483648,13088888812,lu2jm@googlemail.com,锦州街114号-12-6-12
宁珍荷,女,达斡尔族,13,-1939492430,13188888813,q3zcer@163.com,锦州街114号-12-6-12
宰宜露,女,朝鲜族,14,-1432759318,13288888814,2rpvck@qq.com,珠海街35号-4-2-14
房巧柔,女,土家族,15,-2147483648,15588888815,n1h96oq@263.net,珠海街35号-4-2-14
政炎,男,纳西族,16,-2147483648,15688888816,8tv9fjii@126.com,普集支路131号-13-3-16
巩飞鸣,男,塔吉克族,17,-2147483648,13388888817,fta2bjvt@yahoo.com,普集支路131号-13-3-16
鄂会,男,东乡族,18,-1464144187,15388888818,8cxk8@sohu.com,莱芜二路56号-13-7-18
邓晓娴,女,蒙古族,19,-1793018104,13488888819,mh58t@263.net,莱芜二路56号-13-7-18
能行,男,鄂伦春族,20,-2147483648,13588888820,frozm@163.com,吴县二大厦32号-13-5-20
武先民,男,赫哲族,21,-1781205815,13688888821,n0yrsts@googlemail.com,吴县二大厦32号-13-5-20
史仁善,男,傣族,22,-2147483648,13788888822,2t0xj@hotmail.com,双元大厦141号-19-3-22
国眉,女,纳西族,23,-2029276483,13888888823,9lu52yvg@live.com,双元大厦141号-19-3-22
年勇,男,俄罗斯族,24,-1544138860,13988888824,9hvlw@qq.com,阳信路32号-6-1-24
钱岚,女,珞巴族,25,-2147483648,15088888825,54u4qxd@yahoo.com.cn,阳信路32号-6-1-24
井泰,男,满族,26,-1480712428,15188888826,67ql963@aol.com,钜野广场15号-3-1-26
池滢环,女,彝族,27,-2147483648,15288888827,698hz0@yahoo.com.cn,钜野广场15号-3-1-26
王薇惠,女,土族,28,-2147483648,15788888828,026xl8ka@msn.com,团岛路128号-2-10-28
乐茗婵,女,土家族,29,-1276827182,15888888829,p04f6m@gmail.com,团岛路128号-2-10-28
暴滢,女,维吾尔族,30,-2147483648,15988888830,rdl5i8z@3721.net,福州南路23号-5-1-30
有思安,男,东乡族,31,-1420972937,13088888831,xm4b4shi@3721.net,福州南路23号-5-1-30
於斌全,男,傈僳族,32,-2147483648,13188888832,ztj4j72e@3721.net,鱼台街64号-17-9-32
陆毅,男,独龙族,33,-2147483648,13288888833,7bg35@3721.net,鱼台街64号-17-9-32
元华菊,女,鄂伦春族,34,-1702548742,15588888834,exbx8w4k@hotmail.com,台东六路62号-11-3-34
容贞,女,俄罗斯族,35,-1686658743,15688888835,n2ov6@263.net,台东六路62号-11-3-34
伯松,男,景颇族,36,-1475169188,13388888836,rn46l@sina.com,观象二路81号-19-7-36
诸媛丽,女,高山族,37,-1933141882,15388888837,e3hljvuq@ask.com,观象二路81号-19-7-36
金悦,女,京族,38,-2147483648,13488888838,a70sq3ha@qq.com,盐城街106号-17-6-38
巴富新,男,哈萨克族,39,-1959352272,13588888839,ajuq8qc@yeah.net,盐城街106号-17-6-38
古达浩,男,傈僳族,40,-2147483648,13688888840,zus4u60@ask.com,宁国路43号-8-3-40
相士,男,满族,41,-2147483648,13788888841,cuafebr@hotmail.com,宁国路43号-8-3-40
空翠,女,德昂族,42,-1280160337,13888888842,3cc5to@msn.com,昆明路24号-16-6-42
廖芸爽,女,蒙古族,43,-2147483648,13988888843,ba4bm4o@163.com,昆明路24号-16-6-42
暨昌奇,男,锡伯族,44,-2147483648,15088888844,ft58yr@ask.com,秀湛四路98号-1-4-44
卜纨茜,女,回族,45,-1711115278,15188888845,vyj8ty@sohu.com,秀湛四路98号-1-4-44
咎娣,女,汉族,46,-2147483648,15288888846,hpza3p@googlemail.com,天台东一路107号-1-2-46
怀裕致,男,羌族,47,-2147483648,15788888847,zgm6x@live.com,天台东一路107号-1-2-46
阳云,女,乌孜别克族,48,-1510854818,15888888848,o7ec3a@ask.com,荷泽四路35号-10-5-48
卜羽莺,女,珞巴族,49,-1326430584,15988888849,k4db9@3721.net,荷泽四路35号-10-5-48
胡琛坚,男,白族,50,-2140908808,13088888850,24aq2@live.com,广东广场18号-14-9-50
福刚风,男,苗族,51,-1756406544,13188888851,j9e9mwbp@yahoo.com.cn,广东广场18号-14-9-50
酆涛,男,瑶族,52,-2089700184,13288888852,fgl19c@msn.com,阳谷广场49号-16-3-52
益元,男,维吾尔族,53,-1345915158,15588888853,uo60p@163.com,阳谷广场49号-16-3-52
俞婵娣,女,柯尔克孜族,54,-1434221654,15688888854,tdc6a@hotmail.com,大港纬二路70号-13-10-54
尹毓韵,女,黎族,55,-1742909915,13388888855,52wxt@ask.com,大港纬二路70号-13-10-54
廖羽秋,女,门巴族,56,-1207425382,15388888856,msuqtcu@163.com,临淄路32号-10-9-56
惠奇,男,苗族,57,-974783570,13488888857,bhw6i@live.com,临淄路32号-10-9-56
迟浩俊,男,仫佬族,58,-2147483648,13588888858,pap8y1mx@163.com,大港纬二路112号-5-8-58
祖飘,女,乌孜别克族,59,-1277633214,13688888859,qtlsubdg@hotmail.com,大港纬二路112号-5-8-58
滕宜可,女,藏族,60,-1146736459,13788888860,8z8yq@yeah.net,四平路60号-3-3-60
燕仪,女,苗族,61,-1564543891,13888888861,ps976lwb@3721.net,四平路60号-3-3-60
能媛华,女,回族,62,-1252374903,13988888862,cydrhoai@msn.com,祚山路68号-12-4-62
胥霭,女,德昂族,63,-2147483648,15088888863,3h6er9m@live.com,祚山路68号-12-4-62
涂颖,女,汉族,64,-1923090636,15188888864,zuqvm1@ask.com,沈阳街142号-14-6-64
陶娅,女,哈尼族,65,-2147483648,15288888865,nfk2tzh@sohu.com,沈阳街142号-14-6-64
申可,女,锡伯族,66,-2147483648,15788888866,ez5848w@yeah.net,龙泉路122号-1-2-66
羊国,男,门巴族,67,-1679048042,15888888867,u6cv77@sina.com,龙泉路122号-1-2-66
居霞,女,彝族,68,-964767027,15988888868,8rcsv5e2@yahoo.com,京山广场59号-10-9-68
廉霭影,女,门巴族,69,-2147483648,13088888869,cunj5j@163.net,京山广场59号-10-9-68
轩华艳,女,布依族,70,-2147483648,13188888870,aivodfc0@hotmail.com,太清路56号-14-4-70
丘茜,女,水族,71,-2147483648,13288888871,tgmdfzf@yeah.net,太清路56号-14-4-70
郭祥,男,门巴族,72,-2147483648,15588888872,72fr6r@3721.net,太平路56号-12-5-72
辕露晓,女,布依族,73,-1998998930,15688888873,22ybyqf@gmail.com,太平路56号-12-5-72
秦亨奇,男,怒族,74,-2147483648,13388888874,x4amz2y@sina.com,枣庄广场85号-15-1-74
宗弘,男,锡伯族,75,-2147483648,15388888875,ggn5za@sina.com,枣庄广场85号-15-1-74
汝霭,女,黎族,76,-1321632415,13488888876,qld1q@ask.com,泰州二路132号-16-3-76
邴厚敬,男,乌孜别克族,77,-1559575014,13588888877,drn05ak@hotmail.com,泰州二路132号-16-3-76
汤宜露,女,哈尼族,78,-2147483648,13688888878,bfcky@126.com,郯城街64号-5-5-78
殷兰香,女,哈尼族,79,-1201783915,13788888879,kh8ds@googlemail.com,郯城街64号-5-5-78
童茂强,男,土家族,80,-1299610913,13888888880,cqy2ix@163.net,南通大厦34号-7-3-80
赫诚,男,拉祜族,81,-2147483648,13988888881,y56ay@163.com,南通大厦34号-7-3-80
寇新,男,羌族,82,-2147483648,15088888882,0n6qlbr@3721.net,夏庄街道103号-1-10-82
赖民,男,乌孜别克族,83,-2147483648,15188888883,fa9mcqj@ask.com,夏庄街道103号-1-10-82
续树涛,男,塔塔尔族,84,-2012978741,15288888884,2i6dp@qq.com,易州广场132号-16-6-84
利彬,男,仫佬族,85,-2147483648,15788888885,h5pcc1s@msn.com,易州广场132号-16-6-84
茹君,女,赫哲族,86,-2147483648,15888888886,eiw7g4@sina.com,河城大厦51号-19-4-86
黎雁韵,女,蒙古族,87,-1687257091,15988888887,um3sw@msn.com,河城大厦51号-19-4-86
闾梅希,女,满族,88,-1053543586,13088888888,hzvb1l@hotmail.com,珠海街57号-15-10-88
郭慧,女,京族,89,-1036394190,13188888889,sngqe@sina.com,珠海街57号-15-10-88
钟勤,女,赫哲族,90,-1468160054,13288888890,6u56ob6@126.com,博兴路96号-8-7-90
赏黛,女,鄂温克族,91,-2147483648,15588888891,jc7hb@3721.net,博兴路96号-8-7-90
魏庆仁,男,德昂族,92,-2147483648,15688888892,ph4d47@msn.com,陵县支街54号-18-7-92
祖会,男,门巴族,93,-2037887123,13388888893,a3zkdfvj@qq.com,陵县支街54号-18-7-92
微钧广,男,白族,94,-1564546665,15388888894,chuzz@hotmail.com,泰州四路103号-17-3-94
公娅淑,女,畲族,95,-2147483648,13488888895,rhc3kce@3721.net,泰州四路103号-17-3-94
何珍爽,女,苗族,96,-1392160140,13588888896,ij2zv7@3721.net,恒山路54号-7-9-96
龚克彬,男,傈僳族,97,-1436827551,13688888897,c5dyd@yeah.net,恒山路54号-7-9-96
戎贞蕊,女,达斡尔族,98,-1428834517,13788888898,83yzkq@yahoo.com.cn,观海二广场76号-1-10-98
冉宜,女,朝鲜族,99,-1180352261,13888888899,1a57h@yahoo.com.cn,观海二广场76号-1-10-98
池若坚,男,撒拉族,100,-2147483648,13988888100,zsdqppa@ask.com,龙岩街50号-7-8-100
于青,女,塔塔尔族,101,-951035139,15088888101,n1shx@aol.com,龙岩街50号-7-8-100
诸玉姬,女,彝族,102,-2147483648,15188888102,ql633hm6@yahoo.com,淄川广场85号-20-1-102
羊亨强,男,布朗族,103,-2147483648,15288888103,zrgeo@googlemail.com,淄川广场85号-20-1-102
福鹏子,男,塔吉克族,104,-1973589525,15788888104,5gkdj@yahoo.com.cn,吴兴三广场97号-15-6-104
羊纯霞,女,哈尼族,105,-1710864002,15888888105,gaug5@qq.com,吴兴三广场97号-15-6-104
惠盛安,男,苗族,106,-1838262799,15988888106,t259shr7@hotmail.com,云门一街125号-19-5-106
曹贵,男,水族,107,-2147483648,13088888107,bn2p8yz@163.net,云门一街125号-19-5-106
从瑞晓,女,珞巴族,108,-2147483648,13188888108,4mtd2@qq.com,澳门二路18号-2-2-108
朱素,女,毛南族,109,-1179576964,13288888109,7wzusjz@yahoo.com.cn,澳门二路18号-2-2-108
梁勇,男,裕固族,110,-1039575373,15588888110,1jhv44ct@msn.com,荷泽路132号-9-6-110
游信朋,男,阿昌族,111,-1021350161,15688888111,ya1bvy@qq.com,荷泽路132号-9-6-110
平星,男,柯尔克孜族,112,-2147483648,13388888112,muzzfi0@googlemail.com,寿张街150号-7-4-112
终震,男,塔吉克族,113,-2131174978,15388888113,49uqn@live.com,寿张街150号-7-4-112
屠雪,女,土家族,114,-2147483648,13488888114,3pyn8eb@gmail.com,昆明路111号-3-3-114
谷宁,女,高山族,115,-1801708484,13588888115,nl9fux@aol.com,昆明路111号-3-3-114
阎晨有,男,鄂温克族,116,-1048011665,13688888116,c1z1z@ask.com,德县路137号-14-2-116
邓娟,女,塔吉克族,117,-2113709090,13788888117,xkwfcc@163.net,德县路137号-14-2-116
巫新,男,裕固族,118,-2147483648,13888888118,wzgka@msn.com,渤海街146号-9-10-118
南舒岚,女,苗族,119,-1876550193,13988888119,92l1n@ask.com,渤海街146号-9-10-118
栾士斌,男,塔吉克族,120,-2147483648,15088888120,d1nm7sr@gmail.com,秋阳路56号-2-6-120
骆茜希,女,京族,121,-1110595972,15188888121,jn2y8e8@hotmail.com,秋阳路56号-2-6-120
巫以,男,鄂温克族,122,-1117026196,15288888122,h7u0uvn@googlemail.com,内蒙古路77号-19-4-122
姜星,男,纳西族,123,-1390106360,15788888123,phzlnn2@ask.com,内蒙古路77号-19-4-122
梁承明,男,裕固族,124,-1530513100,15888888124,l0gmf9w@sohu.com,海川路53号-1-2-124
丁姬艺,女,德昂族,125,-2147483648,15988888125,h34r5@yahoo.com,海川路53号-1-2-124
巩珠芬,女,布依族,126,-1711379872,13088888126,fux1gi@yahoo.com.cn,禹城街74号-6-4-126
须群致,男,朝鲜族,127,-2147483648,13188888127,7wyqn@msn.com,禹城街74号-6-4-126
奚全,男,塔吉克族,128,-1483123997,13288888128,1siujv6@qq.com,沾化街49号-14-1-128
于环荣,女,塔吉克族,129,-1982690849,15588888129,a51a22em@163.net,沾化街49号-14-1-128
江菁,女,哈尼族,130,-1646165941,15688888130,bmh14@qq.com,宁国路112号-12-6-130
公祥辰,男,乌孜别克族,131,-1246776065,13388888131,76xfucdg@gmail.com,宁国路112号-12-6-130
墨枫瑞,女,回族,132,-1149905083,15388888132,x9hg20r@qq.com,流亭立交桥103号-8-7-132
毛绍安,男,哈尼族,133,-2147483648,13488888133,hknaip@aol.com,流亭立交桥103号-8-7-132
乐星,男,东乡族,134,-2147483648,13588888134,m78o1q7@163.net,荷泽三大厦137号-14-4-134
濮建,男,怒族,135,-2103620990,13688888135,splylfk@163.com,荷泽三大厦137号-14-4-134
闻霄,女,傣族,136,-1896127776,13788888136,lhx7wob@qq.com,陵县支街56号-5-9-136
戈豪,男,土家族,137,-2147483648,13888888137,pssssk@yahoo.com.cn,陵县支街56号-5-9-136
厉影,女,阿昌族,138,-2147483648,13988888138,8iefm0a@163.com,台湛广场86号-11-1-138
翟青,女,汉族,139,-1297602509,15088888139,0sp7emdl@sohu.com,台湛广场86号-11-1-138
宫贵,男,俄罗斯族,140,-1026349464,15188888140,upljd@sina.com,信号山支路104号-15-6-140
丘萍茗,女,阿昌族,141,-2109005863,15288888141,h10cbp7a@0355.net,信号山支路104号-15-6-140
狐岩,男,门巴族,142,-1344420767,15788888142,7grru@0355.net,无棣一路133号-17-1-142
督行,男,藏族,143,-2067010485,15888888143,8rx3nfr@yeah.net,无棣一路133号-17-1-142
赖轮,男,仫佬族,144,-1835017512,15988888144,sppqtp@ask.com,十梅庵街144号-1-8-144
陆政,男,撒拉族,145,-2147483648,13088888145,jcm905nv@gmail.com,十梅庵街144号-1-8-144
黎超顺,男,彝族,146,-1173538409,13188888146,nkb4hs@msn.com,上海路19号-9-1-146
侯旭裕,男,乌孜别克族,147,-1027341446,13288888147,0ufhx@qq.com,上海路19号-9-1-146
长炎,男,京族,148,-2147483648,15588888148,pfyaeeod@sina.com,四平支路133号-17-3-148
东胜,男,撒拉族,149,-2147483648,15688888149,mhzoi9@sina.com,四平支路133号-17-3-148
雕海,男,布朗族,150,-2147483648,13388888150,3l4fh@3721.net,夏庄街道70号-5-1-150
向保民,男,瑶族,151,-2147483648,15388888151,epsji@yahoo.com.cn,夏庄街道70号-5-1-150
颜菲,女,羌族,152,-2021467226,13488888152,jjn1i@aol.com,扬州街137号-2-5-152
乜群言,男,鄂温克族,153,-1877002378,13588888153,82tz9c@126.com,扬州街137号-2-5-152
卫澜,女,阿昌族,154,-1571058384,13688888154,fy8t9r@hotmail.com,华严路41号-8-2-154
离明明,男,傈僳族,155,-2147483648,13788888155,ha580@hotmail.com,华严路41号-8-2-154
邹泽新,男,普米族,156,-2147483648,13888888156,jls32tt@aol.com,恩县广场13号-2-7-156
甫琴怡,女,撒拉族,157,-2147483648,13988888157,688zg4@sina.com,恩县广场13号-2-7-156
方鹏利,男,基诺族,158,-2147483648,15088888158,7uwzmua@sohu.com,春阳路85号-3-10-158
叔有健,男,壮族,159,-2147483648,15188888159,25xjm@aol.com,春阳路85号-3-10-158
华超榕,男,哈尼族,160,-2015797606,15288888160,a4mys460@126.com,定陶街69号-10-1-160
伯天,男,珞巴族,161,-1144640037,15788888161,wd7p7@msn.com,定陶街69号-10-1-160
郏平和,男,赫哲族,162,-1290979322,15888888162,9ijoj@0355.net,金湖大厦66号-13-3-162
富露,女,基诺族,163,-2147483648,15988888163,rwi87@qq.com,金湖大厦66号-13-3-162
督希爱,女,毛南族,164,-1084763765,13088888164,p5j0xb4z@126.com,河北大厦66号-19-10-164
马园,女,白族,165,-2032298079,13188888165,pwp8gvg@ask.com,河北大厦66号-19-10-164
牧航,男,水族,166,-984924717,13288888166,qjdh2sms@googlemail.com,银川西路60号-15-6-166
幸鸣,男,景颇族,167,-2147483648,15588888167,d6ev4@yahoo.com,银川西路60号-15-6-166
欧桂,女,布朗族,168,-1810046358,15688888168,6o0f4h2r@126.com,和阳广场133号-13-7-168
陶欣,女,阿昌族,169,-2147483648,13388888169,04a8h@googlemail.com,和阳广场133号-13-7-168
季子,男,俄罗斯族,170,-2147483648,15388888170,ui8j4@qq.com,屏东支路135号-2-8-170
冷涛,男,柯尔克孜族,171,-2147483648,13488888171,3eye4@ask.com,屏东支路135号-2-8-170
充风世,男,土族,172,-2147483648,13588888172,rzqtncf@live.com,宁国二路76号-9-4-172
严琬,女,壮族,173,-1330649904,13688888173,ux1hp8zj@msn.com,宁国二路76号-9-4-172
籍梅晓,女,东乡族,174,-1484384390,13788888174,2ejzv@sina.com,益都街52号-14-8-174
巢静,女,壮族,175,-2147483648,13888888175,in2znh75@msn.com,益都街52号-14-8-174
左静,女,黎族,176,-1508286601,13988888176,s03w19ju@0355.net,齐河路49号-18-8-176
萧政,男,仫佬族,177,-2025346998,15088888177,v9ohytc1@yeah.net,齐河路49号-18-8-176
计时,男,苗族,178,-2049225146,15188888178,li9ye@126.com,福清广场33号-10-7-178
时超永,男,赫哲族,179,-2147483648,15288888179,so6yol@sina.com,福清广场33号-10-7-178
周成,男,回族,180,-1580277937,15788888180,6e9413s1@126.com,泰城街42号-9-10-180
谭红,女,苗族,181,-972053850,15888888181,5uvup@yeah.net,泰城街42号-9-10-180
别爽咏,女,满族,182,-2147483648,15988888182,p90khs@0355.net,京山广场52号-7-1-182
仲军,男,高山族,183,-1648947237,13088888183,fu4p2pa@hotmail.com,京山广场52号-7-1-182
习承,男,赫哲族,184,-2147483648,13188888184,7mz62x@hotmail.com,台南路79号-17-7-184
年悦,女,德昂族,185,-1465109022,13288888185,3om4v@aol.com,台南路79号-17-7-184
钦菁,女,土家族,186,-2147483648,15588888186,dc43wjt@sina.com,福建广场71号-2-10-186
于晨维,男,拉祜族,187,-1245435994,15688888187,86eg8c4u@googlemail.com,福建广场71号-2-10-186
卫蓉嘉,女,塔塔尔族,188,-2147483648,13388888188,cdt4zii@0355.net,南口广场24号-17-7-188
钦茜,女,彝族,189,-1628460089,15388888189,vtru9i@sohu.com,南口广场24号-17-7-188
牧凡,女,基诺族,190,-972893797,13488888190,p5y04p@163.net,延吉街132号-11-1-190
萧荣,女,锡伯族,191,-1403024817,13588888191,f0pj0z@yahoo.com,延吉街132号-11-1-190
谷园莺,女,蒙古族,192,-2147483648,13688888192,iw5vv@263.net,费县路64号-7-6-192
时蕊,女,鄂伦春族,193,-1844996164,13788888193,j2rhx@yeah.net,费县路64号-7-6-192
伏昌盛,男,保安族,194,-2077067783,13888888194,av2mthe9@msn.com,鱼台街20号-10-6-194
温炎若,男,锡伯族,195,-1158858130,13988888195,ljvpt@126.com,鱼台街20号-10-6-194
鲍园怡,女,赫哲族,196,-2147483648,15088888196,8n6mmwz@sohu.com,咸阳广场150号-14-2-196
牛雁,女,赫哲族,197,-2100969700,15188888197,4wz8e4@googlemail.com,咸阳广场150号-14-2-196
夏震,男,塔塔尔族,198,-2147483648,15288888198,gy93rhsx@0355.net,青岛路139号-10-8-198
秦冠朋,男,黎族,199,-1945794487,15788888199,mf9b9sej@live.com,青岛路139号-10-8-198
漆新,男,高山族,200,-1629606099,15888888200,f2ivfe@googlemail.com,山东路14号-17-4-200
蒯涛河,男,朝鲜族,201,-2147483648,15988888201,lojnlw@qq.com,山东路14号-17-4-200
农祥志,男,鄂伦春族,202,-2147483648,13088888202,n1q3pvb@sohu.com,武胜关广场15号-1-2-202
东先,男,土家族,203,-2147483648,13188888203,ioh0eny@163.net,武胜关广场15号-1-2-202
黄晓瑞,女,布依族,204,-1111943992,13288888204,eqoj6bqm@ask.com,平度广场71号-19-6-204
甘玲,女,拉祜族,205,-1705781479,15588888205,hzac6r4a@ask.com,平度广场71号-19-6-204
谷广友,男,仫佬族,206,-1083463503,15688888206,dw71l@yahoo.com,微山湖街36号-5-9-206
空海绍,男,景颇族,207,-2147483648,13388888207,c0ax8@ask.com,微山湖街36号-5-9-206
殴山乐,男,水族,208,-1675214354,15388888208,ot3cdsm@263.net,荷泽一路19号-18-5-208
咸晓香,女,朝鲜族,209,-1995007649,13488888209,amyha@126.com,荷泽一路19号-18-5-208
连美雪,女,裕固族,210,-1771797196,13588888210,5yn5hy@hotmail.com,陵县大厦17号-13-4-210
里明,男,佤族,211,-1001699006,13688888211,9nyjr7@gmail.com,陵县大厦17号-13-4-210
席欣,女,水族,212,-1273861672,13788888212,rahdepv4@sohu.com,如东路39号-18-5-212
闵世,男,基诺族,213,-2147483648,13888888213,1andc@msn.com,如东路39号-18-5-212
李妍,女,藏族,214,-2131703422,13988888214,lagrlso@hotmail.com,大港纬一路11号-19-2-214
卜承,男,鄂伦春族,215,-1391811500,15088888215,vpi6q6@263.net,大港纬一路11号-19-2-214
甄枫妹,女,傣族,216,-2147483648,15188888216,zrighij9@gmail.com,三门峡路105号-2-10-216
甫力,男,佤族,217,-1655209963,15288888217,rw0caqzg@3721.net,三门峡路105号-2-10-216
上贞筠,女,保安族,218,-951079803,15788888218,hgstc42@3721.net,绣城路37号-8-8-218
南霞澜,女,柯尔克孜族,219,-1988428923,15888888219,id7036i@live.com,绣城路37号-8-8-218
全琛厚,男,维吾尔族,220,-2147483648,15988888220,kgta1@yeah.net,博平街141号-4-6-220
宇雁宁,女,傈僳族,221,-958746030,13088888221,8pcghz@yahoo.com,博平街141号-4-6-220
欧弘,男,傣族,222,-2147483648,13188888222,rnitdl@aol.com,驼峰路87号-12-4-222
颛力新,男,乌孜别克族,223,-985855323,13288888223,oc36ae5@0355.net,驼峰路87号-12-4-222
孟文星,男,布朗族,224,-2147483648,15588888224,6rlf14ag@126.com,湛山二街94号-4-8-224
邵云珠,女,怒族,225,-2147483648,15688888225,2ridu@0355.net,湛山二街94号-4-8-224
钱贵,男,仡佬族,226,-2147483648,13388888226,t2let6@yeah.net,韶关路51号-15-1-226
储哲,男,撒拉族,227,-2147483648,15388888227,cvqzj496@yeah.net,韶关路51号-15-1-226
滕青爱,女,门巴族,228,-1873201654,13488888228,p97uvpxk@ask.com,丰县广场70号-16-9-228
邢妍红,女,维吾尔族,229,-2032644001,13588888229,pascqumr@163.net,丰县广场70号-16-9-228
郎环芝,女,维吾尔族,230,-2147483648,13688888230,qdi4h3n@3721.net,华严路78号-20-7-230
梁飘玉,女,京族,231,-1109897103,13788888231,5dk2z@163.com,华严路78号-20-7-230
贡韵,女,仫佬族,232,-2147483648,13888888232,6ukbskz@qq.com,鹊山广场85号-5-8-232
周薇,女,景颇族,233,-2147483648,13988888233,98xducby@yeah.net,鹊山广场85号-5-8-232
帅瑞荣,女,景颇族,234,-2084798202,15088888234,ah78if3r@yeah.net,铁山广场60号-7-5-234
石娟,女,京族,235,-2147483648,15188888235,y8h3br7@yeah.net,铁山广场60号-7-5-234
蒲毓,女,德昂族,236,-1953316835,15288888236,ui2un@live.com,嘉祥路68号-13-8-236
韩菁,女,裕固族,237,-1898306250,15788888237,6pmbpbl@qq.com,嘉祥路68号-13-8-236
驷华,女,锡伯族,238,-1241454154,15888888238,25ybrp@ask.com,西康街23号-15-8-238
朱苑舒,女,毛南族,239,-1952257837,15988888239,7z7nemf@yahoo.com.cn,西康街23号-15-8-238
迟桂,女,京族,240,-2081264807,13088888240,r8s84id@163.com,滕县路46号-20-3-240
乐婵,女,赫哲族,241,-2147483648,13188888241,vnita@263.net,滕县路46号-20-3-240
胡桂露,女,纳西族,242,-1265734318,13288888242,hgzc54x@yeah.net,新疆路63号-3-3-242
郁松,男,蒙古族,243,-2147483648,15588888243,q3qaycs@3721.net,新疆路63号-3-3-242
寇菁洁,女,塔塔尔族,244,-2041843888,15688888244,kwjai@163.net,风岗街138号-19-6-244
包先健,男,鄂伦春族,245,-2147483648,13388888245,tsogfb@live.com,风岗街138号-19-6-244
范清,男,德昂族,246,-2147483648,15388888246,a9bhl@aol.com,孟庄广场48号-1-3-246
包珊妹,女,鄂伦春族,247,-1802612202,13488888247,dlsc3tto@263.net,孟庄广场48号-1-3-246
寇璐贞,女,拉祜族,248,-2147483648,13588888248,u4s0v1nc@0355.net,仙山西大厦105号-15-6-248
阮良,男,维吾尔族,249,-1982535115,13688888249,d8dxzel@0355.net,仙山西大厦105号-15-6-248
卞心,男,哈尼族,250,-2147483648,13788888250,p9gmvde@sina.com,闽江三路149号-3-10-250
巢贵,男,塔吉克族,251,-2147483648,13888888251,secmkw@263.net,闽江三路149号-3-10-250
苍进林,男,柯尔克孜族,252,-1933296146,13988888252,1ftv2@gmail.com,湖北街30号-3-5-252
酆枝影,女,满族,253,-1469319086,15088888253,g4rocrjw@263.net,湖北街30号-3-5-252
解发利,男,塔吉克族,254,-2007713000,15188888254,xnt92cy@0355.net,南口广场51号-19-10-254
熊琰亚,女,苗族,255,-1212334237,15288888255,mvk8skd@sina.com,南口广场51号-19-10-254
惠世辰,男,彝族,256,-2147483648,15788888256,yajlp4q@163.com,兰山路71号-4-10-256
任利,男,塔塔尔族,257,-1549785660,15888888257,jb5j0@googlemail.com,兰山路71号-4-10-256
丁滢素,女,珞巴族,258,-2147483648,15988888258,hh1ji@163.net,红岛支大厦55号-4-2-258
禹岩江,男,珞巴族,259,-2147483648,13088888259,mlqv6so@gmail.com,红岛支大厦55号-4-2-258
冉欣,女,独龙族,260,-1812491781,13188888260,pthwsork@yeah.net,青岛路19号-13-5-260
广欢,女,达斡尔族,261,-1334042666,13288888261,w8tnq@3721.net,青岛路19号-13-5-260
轩瑶,女,白族,262,-1967072398,15588888262,i90j60@0355.net,海泊路30号-4-8-262
徒晶茜,女,鄂温克族,263,-2147483648,15688888263,vjfcgm@0355.net,海泊路30号-4-8-262
宦月凤,女,锡伯族,264,-2049543493,13388888264,8expchn@qq.com,济阳路127号-12-7-264
殴兰,女,土家族,265,-1707404700,15388888265,9b7d4r@3721.net,济阳路127号-12-7-264
钟君霄,女,傈僳族,266,-2147483648,13488888266,9qersro@163.net,乐陵街75号-10-10-266
谷露莲,女,东乡族,267,-1582437679,13588888267,edjuo0m@163.net,乐陵街75号-10-10-266
空婕,女,畲族,268,-1457906490,13688888268,l5c76@gmail.com,普集路50号-2-9-268
扶思,男,藏族,269,-1728654745,13788888269,iaqzuq38@aol.com,普集路50号-2-9-268
史芬红,女,俄罗斯族,270,-1288182528,13888888270,4s9hksgc@0355.net,丰盛街135号-9-7-270
宓嘉,女,纳西族,271,-2147483648,13988888271,owoqh0@0355.net,丰盛街135号-9-7-270
权卿欢,女,满族,272,-1328565530,15088888272,hub1p6@qq.com,昆明路15号-1-2-272
昌贵,男,门巴族,273,-1785330695,15188888273,xkt8yb6@0355.net,昆明路15号-1-2-272
凤维壮,男,东乡族,274,-2147483648,15288888274,xy1gt2@yahoo.com.cn,龙江街28号-12-1-274
加固子,男,苗族,275,-2136577160,15788888275,xd4147@ask.com,龙江街28号-12-1-274
闵宏,男,土家族,276,-1935887383,15888888276,a1tyq@163.com,三明南路69号-2-2-276
盛瑗,女,鄂温克族,277,-1036399627,15988888277,lxeje@yahoo.com.cn,三明南路69号-2-2-276
禹韵澜,女,羌族,278,-2147483648,13088888278,d8n4w1x@163.com,四平路22号-17-10-278
于明涛,男,蒙古族,279,-1813505963,13188888279,bgpmy2w@sina.com,四平路22号-17-10-278
梁涛富,男,柯尔克孜族,280,-1489725717,13288888280,0sx6ixi@sina.com,河城大厦108号-19-8-280
解瑗,女,哈萨克族,281,-2147483648,15588888281,l9qzx1@sohu.com,河城大厦108号-19-8-280
唐思苑,女,珞巴族,282,-2097678030,15688888282,a9sl4@live.com,宁波路12号-12-3-282
于光光,男,傈僳族,283,-2139845515,13388888283,k99ak1m@googlemail.com,宁波路12号-12-3-282
韶毅,男,鄂伦春族,284,-2147483648,15388888284,mf8xgvv@hotmail.com,安城街60号-20-5-284
阮光,男,裕固族,285,-1142580312,13488888285,0c7rczub@3721.net,安城街60号-20-5-284
端春,女,东乡族,286,-2147483648,13588888286,r58nb8@126.com,郧阳路62号-2-6-286
井梅,女,朝鲜族,287,-1656482327,13688888287,nkbee@hotmail.com,郧阳路62号-2-6-286
东璐晓,女,彝族,288,-1769853386,13788888288,kcvcqa@sina.com,荷泽路17号-19-6-288
戴腾琛,男,彝族,289,-2147483648,13888888289,jn5lf6@126.com,荷泽路17号-19-6-288
乐艳霄,女,侗族,290,-1929346410,13988888290,3hdxcawv@sohu.com,金口三路35号-17-6-290
管琛伦,男,毛南族,291,-1615852464,15088888291,9zr9eh6k@3721.net,金口三路35号-17-6-290
戚华,女,锡伯族,292,-2147483648,15188888292,jnsrw@163.com,承德街145号-15-1-292
谢树,男,蒙古族,293,-2147483648,15288888293,tp2bmazp@yahoo.com.cn,承德街145号-15-1-292
连洁,女,塔塔尔族,294,-2147483648,15788888294,wkd4l@163.com,正阳关街33号-4-2-294
干红,女,佤族,295,-1455243519,15888888295,wl3ibvz@qq.com,正阳关街33号-4-2-294
宇婷寒,女,傣族,296,-1840085614,15988888296,4knhfu@3721.net,宁德街44号-19-4-296
双瑾,女,蒙古族,297,-1514972437,13088888297,w82ek3kq@ask.com,宁德街44号-19-4-296
马波,男,布朗族,298,-952764468,13188888298,6va5pm@sohu.com,铁山广场50号-7-2-298
孙蓉,女,哈尼族,299,-1334558719,13288888299,onvovr5@sina.com,铁山广场50号-7-2-298
舒豪,男,东乡族,300,-1374150287,15588888300,g0a0b@sina.com,瑞云街72号-4-3-300
柏柔美,女,仡佬族,301,-2147483648,15688888301,tndbe@sina.com,瑞云街72号-4-3-300
施瑗璐,女,水族,302,-1018830098,13388888302,t5g1w@msn.com,台东西七街29号-2-2-302
吴中顺,男,门巴族,303,-1346477222,15388888303,uqnmtvz4@126.com,台东西七街29号-2-2-302
卓谦树,男,苗族,304,-2105024685,13488888304,uncbby@0355.net,明月峡大厦65号-3-1-304
仇君,女,达斡尔族,305,-2147483648,13588888305,o520p9@sina.com,明月峡大厦65号-3-1-304
麻清,男,土家族,306,-2147483648,13688888306,fdr8f0@aol.com,秀湛四路114号-8-6-306
夹卿洁,女,维吾尔族,307,-2147483648,13788888307,76nto5m@sohu.com,秀湛四路114号-8-6-306
倪芳兰,女,回族,308,-2147483648,13888888308,7vhm47@yahoo.com.cn,范县路124号-11-9-308
仰宁馥,女,苗族,309,-2147483648,13988888309,adsfqrul@163.net,范县路124号-11-9-308
佴莎,女,彝族,310,-2147483648,15088888310,me2yzm@0355.net,寿光广场69号-12-8-310
潘奇,男,哈萨克族,311,-1440073053,15188888311,v22ecr@163.com,寿光广场69号-12-8-310
离莉菲,女,塔吉克族,312,-1070318933,15288888312,vlbi1q@live.com,宁德街144号-11-3-312
党真纨,女,撒拉族,313,-2101411332,15788888313,3i29c4@3721.net,宁德街144号-11-3-312
席华,女,畲族,314,-1321395411,15888888314,i2bgvj8@0355.net,平定路148号-19-10-314
廖 ,女,塔塔尔族,315,-2147483648,15988888315,n4h3n8@sohu.com,平定路148号-19-10-314
宁义,男,塔吉克族,316,-1268598485,13088888316,v6ars0w@163.net,无棣纬一广场26号-11-5-316
宗策梁,男,哈萨克族,317,-1212698986,13188888317,ovsuo3v@0355.net,无棣纬一广场26号-11-5-316
魏桂锦,女,纳西族,318,-954290196,13288888318,t5q4vh@sohu.com,重庆大厦51号-3-1-318
羊平浩,男,朝鲜族,319,-2147483648,15588888319,na29f@live.com,重庆大厦51号-3-1-318
充琬,女,俄罗斯族,320,-1133353291,15688888320,lmol8@sina.com,瑞金广场50号-16-7-320
红芳影,女,珞巴族,321,-2096280334,13388888321,qwe1o7xq@googlemail.com,瑞金广场50号-16-7-320
诸菲,女,朝鲜族,322,-1929138696,15388888322,t1ix3@0355.net,甘肃广场100号-15-1-322
容宁,女,毛南族,323,-1663705968,13488888323,ngtomntz@googlemail.com,甘肃广场100号-15-1-322
农翰,男,保安族,324,-2147483648,13588888324,hab0pzn@yeah.net,阳谷广场66号-2-8-324
孟荷,女,白族,325,-1835176445,13688888325,8bfrn2@live.com,阳谷广场66号-2-8-324
扶峰成,男,蒙古族,326,-2107536260,13788888326,bnkldrri@hotmail.com,海阳路20号-6-9-326
嵇羽英,女,柯尔克孜族,327,-2147483648,13888888327,o5wag@sohu.com,海阳路20号-6-9-326
訾叶,女,哈尼族,328,-2003400688,13988888328,tzjx67y@googlemail.com,天台二路20号-4-8-328
俟琦晓,女,水族,329,-2107797850,15088888329,q2asa@126.com,天台二路20号-4-8-328
乔华,女,回族,330,-2147483648,15188888330,3cxkqin@msn.com,保定街105号-18-1-330
匡轮,男,怒族,331,-1109097729,15288888331,4k71s62@263.net,保定街105号-18-1-330
房欣,女,赫哲族,332,-1002259221,15788888332,qnqx6l@263.net,新湛二路127号-12-10-332
咸珊,女,维吾尔族,333,-1855595701,15888888333,2px91@hotmail.com,新湛二路127号-12-10-332
孙瑾璧,女,傈僳族,334,-1937938464,15988888334,nlw1o@live.com,无棣四路97号-10-6-334
项邦,男,土族,335,-2147483648,13088888335,t14bv8j@126.com,无棣四路97号-10-6-334
平维诚,男,布朗族,336,-1226908663,13188888336,ar84t@yeah.net,荷泽一路135号-17-10-336
步爽,女,哈尼族,337,-1981640294,13288888337,bwdl0lhd@163.com,荷泽一路135号-17-10-336
赫翠,女,瑶族,338,-1088557339,15588888338,t9rzey@126.com,泉州街107号-6-1-338
房洁,女,哈萨克族,339,-2147483648,15688888339,wufarb@126.com,泉州街107号-6-1-338
闵斌,男,塔吉克族,340,-2147483648,13388888340,uaawer@sina.com,澄海路137号-12-1-340
尤玲丹,女,乌孜别克族,341,-2147483648,15388888341,7uvwodev@hotmail.com,澄海路137号-12-1-340
蒯菁,女,藏族,342,-2147483648,13488888342,hlzheg@live.com,河南广场93号-13-8-342
湛伯豪,男,黎族,343,-1591527310,13588888343,92n4h@163.net,河南广场93号-13-8-342
陆琛磊,男,保安族,344,-2147483648,13688888344,8t9aohs@sina.com,辽宁路126号-2-10-344
茹磊,男,布朗族,345,-2147483648,13788888345,gxjoq@msn.com,辽宁路126号-2-10-344
宗德平,男,门巴族,346,-1976243549,13888888346,swn2k@qq.com,驼峰路74号-12-7-346
应婵,女,达斡尔族,347,-2147483648,13988888347,zwps9th@ask.com,驼峰路74号-12-7-346
司环霞,女,瑶族,348,-2147483648,15088888348,e86ko@gmail.com,承德街96号-5-7-348
司雅,女,哈萨克族,349,-995212854,15188888349,7qcggx3y@yeah.net,承德街96号-5-7-348
杭莲,女,塔塔尔族,350,-1921518234,15288888350,32qwe6@3721.net,浙江路134号-18-8-350
蔡士,男,保安族,351,-2147483648,15788888351,xhtb6fm@sohu.com,浙江路134号-18-8-350
夏璐,女,怒族,352,-2147483648,15888888352,ojf10m@126.com,台东四路83号-5-6-352
麻磊贵,男,白族,353,-1824588425,15988888353,aobtipuu@263.net,台东四路83号-5-6-352
韦强,男,畲族,354,-1282610954,13088888354,v14fupdq@126.com,甘肃广场107号-15-9-354
耿克平,男,京族,355,-1268024704,13188888355,ggg2u3ki@sina.com,甘肃广场107号-15-9-354
居振祥,男,基诺族,356,-2147005931,13288888356,0b716n@0355.net,王家麦岛102号-18-7-356
西利,男,佤族,357,-1290812120,15588888357,zmbs1@263.net,王家麦岛102号-18-7-356
那民,男,鄂温克族,358,-2147483648,15688888358,taxwe0@163.net,泰州六街121号-13-9-358
督武,男,朝鲜族,359,-2147483648,13388888359,aqv2d@163.com,泰州六街121号-13-9-358
蒲致超,男,京族,360,-1896345482,15388888360,cqn3hlo7@msn.com,陵县大厦61号-5-10-360
邹诚,男,基诺族,361,-1097749921,13488888361,k8t2dpd@126.com,陵县大厦61号-5-10-360
钭清伦,男,达斡尔族,362,-1895119426,13588888362,3fhwi@yeah.net,台西五路23号-19-2-362
糜冰,女,仡佬族,363,-1418774109,13688888363,ct48t@hotmail.com,台西五路23号-19-2-362
连永,男,满族,364,-2147483648,13788888364,7p3zz@163.com,团岛二路67号-18-3-364
成保伯,男,满族,365,-1352441961,13888888365,6qq44c@yahoo.com.cn,团岛二路67号-18-3-364
樊星贵,男,瑶族,366,-2147483648,13988888366,gjqta@sina.com,滋阳街99号-16-6-366
温玉瑾,女,黎族,367,-1433097658,15088888367,akb250no@gmail.com,滋阳街99号-16-6-366
吉馥叶,女,锡伯族,368,-1811494875,15188888368,cxuws@yahoo.com.cn,青大一街65号-12-2-368
吴燕,女,布依族,369,-2147483648,15288888369,hry817w@msn.com,青大一街65号-12-2-368
巢博,男,彝族,370,-1845845700,15788888370,lrzmcu9@0355.net,台湾街85号-2-7-370
钦冰,女,哈尼族,371,-1649345045,15888888371,yzaa4@live.com,台湾街85号-2-7-370
洪翠,女,柯尔克孜族,372,-2147483648,15988888372,i8rry388@msn.com,王家麦岛60号-6-3-372
苍荣,女,塔吉克族,373,-1225355693,13088888373,9lgpey@gmail.com,王家麦岛60号-6-3-372
冀炎,男,德昂族,374,-1502085881,13188888374,xajrx@msn.com,中川路115号-1-6-374
董莺,女,德昂族,375,-2147483648,13288888375,ynref@yahoo.com,中川路115号-1-6-374
胡梁庆,男,赫哲族,376,-2147483648,15588888376,ffk6x@sohu.com,龙口街129号-4-4-376
陶蕊,女,鄂伦春族,377,-2147483648,15688888377,7d1si16u@0355.net,龙口街129号-4-4-376
孔康行,男,傈僳族,378,-1462999170,13388888378,jrnhfof8@sina.com,伏龙山路39号-1-10-378
祁毅超,男,傣族,379,-2147483648,15388888379,nv5th@263.net,伏龙山路39号-1-10-378
寇锦,女,布朗族,380,-1995621259,13488888380,t2qvhkp@126.com,郭口东街43号-17-9-380
堵世,男,阿昌族,381,-1370912438,13588888381,vjeo414@googlemail.com,郭口东街43号-17-9-380
百厚裕,男,塔塔尔族,382,-1828017425,13688888382,927ct@sohu.com,台西二街98号-16-6-382
李军东,男,傣族,383,-1387435129,13788888383,x8onfit@126.com,台西二街98号-16-6-382
束琬凤,女,仫佬族,384,-1177959418,13888888384,y5kvy@yahoo.com,台东四路62号-10-9-384
靳健顺,男,锡伯族,385,-1931443512,13988888385,my4du@ask.com,台东四路62号-10-9-384
俟佳,女,白族,386,-2147483648,15088888386,zryj2u@aol.com,新湛二路140号-18-8-386
丘风东,男,赫哲族,387,-1518125194,15188888387,gci0z13@aol.com,新湛二路140号-18-8-386
糜邦,男,保安族,388,-1600206233,15288888388,ndh1t@163.com,伏龙街74号-8-9-388
熊 ,女,东乡族,389,-2147483648,15788888389,fenz8z@yahoo.com.cn,伏龙街74号-8-9-388
涂芬,女,苗族,390,-1020374953,15888888390,vtwr6@yahoo.com.cn,延安一街117号-3-10-390
徐松,男,基诺族,391,-1012966128,15988888391,ex8iz1@126.com,延安一街117号-3-10-390
申世哲,男,哈萨克族,392,-2147483648,13088888392,edawibvi@googlemail.com,齐河路43号-8-8-392
爱波,男,柯尔克孜族,393,-1918522246,13188888393,2gmns8v@qq.com,齐河路43号-8-8-392
喻华姣,女,高山族,394,-1047297157,13288888394,gfavhu3c@ask.com,龙江街67号-8-3-394
人荣筠,女,满族,395,-1462185181,15588888395,0jwfu@googlemail.com,龙江街67号-8-3-394
计栋辉,男,哈萨克族,396,-2087142253,15688888396,omz95@sina.com,太平角四路23号-15-6-396
翟有,男,德昂族,397,-1082504025,13388888397,ifge21wx@yahoo.com,太平角四路23号-15-6-396
池盛,男,达斡尔族,398,-1787844580,15388888398,6nbaeuj@hotmail.com,恩县广场63号-11-1-398
符雁瑾,女,畲族,399,-2147483648,13488888399,qlo56@sohu.com,恩县广场63号-11-1-398
於霞黛,女,景颇族,400,-2080201496,13588888400,fte8gfs@aol.com,红山峡支路70号-11-8-400
蒋晨林,男,水族,401,-1096289406,13688888401,h52dafw@yahoo.com.cn,红山峡支路70号-11-8-400
良钧,男,独龙族,402,-2147483648,13788888402,17psceps@263.net,江南大厦125号-17-1-402
郏芳影,女,傈僳族,403,-941030787,13888888403,dk7wvcj1@live.com,江南大厦125号-17-1-402
罗艳,女,塔吉克族,404,-2147483648,13988888404,90egxn@msn.com,中川路85号-9-7-404
戈莲,女,彝族,405,-2147483648,15088888405,eg7mhwg@gmail.com,中川路85号-9-7-404
迟勤,女,纳西族,406,-1759995208,15188888406,k111k4@live.com,龙华街126号-12-5-406
查言,男,门巴族,407,-1566351736,15288888407,8p7xt@gmail.com,龙华街126号-12-5-406
诸颖,女,白族,408,-1152204856,15788888408,lxukr7@qq.com,小港一大厦49号-20-8-408
水山岩,男,拉祜族,409,-969416533,15888888409,gxy0acil@yahoo.com,小港一大厦49号-20-8-408
干莎,女,蒙古族,410,-1932045616,15988888410,zn3dle@yahoo.com.cn,仙居街79号-1-9-410
邹燕,女,珞巴族,411,-1433164218,13088888411,duhsv@0355.net,仙居街79号-1-9-410
郝河,男,锡伯族,412,-1472346810,13188888412,3b4vyl3@163.com,莱州路108号-9-1-412
孙羽,女,哈尼族,413,-1810773923,13288888413,rk3ckbsp@aol.com,莱州路108号-9-1-412
卢琴茜,女,锡伯族,414,-1232706537,15588888414,8lm1at@live.com,海阳路77号-18-9-414
尉纨桂,女,佤族,415,-2010455468,15688888415,hz0f79bi@0355.net,海阳路77号-18-9-414
徐芬娅,女,景颇族,416,-2147483648,13388888416,spwg3c3@aol.com,台东三街67号-19-7-416
匡浩,男,独龙族,417,-2147483648,15388888417,ay5g9g1i@gmail.com,台东三街67号-19-7-416
殴飘香,女,东乡族,418,-1053790100,13488888418,4m4szxat@qq.com,珠海支街88号-14-10-418
宗琴红,女,仡佬族,419,-2147483648,13588888419,qzepjd@126.com,珠海支街88号-14-10-418
甄维力,男,畲族,420,-2147483648,13688888420,3yhukv6@263.net,三门峡路60号-11-3-420
笪卿月,女,高山族,421,-1758908649,13788888421,817w4e@0355.net,三门峡路60号-11-3-420
司香,女,羌族,422,-2147483648,13888888422,2v9ltgu@yahoo.com,武城广场112号-9-10-422
蓬壮,男,布朗族,423,-1458169021,13988888423,v72twv0@yeah.net,武城广场112号-9-10-422
巫敬,男,阿昌族,424,-1012530182,15088888424,4y1wufj@yahoo.com,宁国四街37号-18-2-424
纪婷静,女,珞巴族,425,-1640611962,15188888425,6cxi6vx@msn.com,宁国四街37号-18-2-424
戎强承,男,布依族,426,-2147483648,15288888426,n3y3t7@ask.com,南平广场141号-16-10-426
车冠,男,哈萨克族,427,-1244178917,15788888427,ika45jao@3721.net,南平广场141号-16-10-426
徐莉爽,女,撒拉族,428,-2147483648,15888888428,n75365o@sohu.com,善化街31号-13-6-428
师宁,女,仫佬族,429,-986724051,15988888429,er9x1by0@263.net,善化街31号-13-6-428
钟克,男,裕固族,430,-2147483648,13088888430,t5i0x8@3721.net,菜市二路72号-9-7-430
濮馥,女,傣族,431,-949584021,13188888431,hkpprq8@yeah.net,菜市二路72号-9-7-430
延毅楠,男,普米族,432,-2147483648,13288888432,fpfnjyi@yahoo.com,珠海街83号-19-1-432
冉媛翠,女,哈萨克族,433,-2147483648,15588888433,itlgzb@ask.com,珠海街83号-19-1-432
阳利,男,仫佬族,434,-2147483648,15688888434,sr67z@live.com,朝阳街81号-18-1-434
却钧,男,仡佬族,435,-2147483648,13388888435,5s83vdjd@hotmail.com,朝阳街81号-18-1-434
厉彩,女,鄂温克族,436,-1907695369,15388888436,nvyip@hotmail.com,普集路72号-10-8-436
全厚峰,男,水族,437,-1878950441,13488888437,df1xg@126.com,普集路72号-10-8-436
邬炎,男,怒族,438,-1442894865,13588888438,k948ah@hotmail.com,临淮关大厦107号-1-3-438
麻岚思,女,回族,439,-1400431390,13688888439,qtylza0s@qq.com,临淮关大厦107号-1-3-438
公凤爱,女,基诺族,440,-2147483648,13788888440,e0ue5y@yeah.net,泰州四路145号-8-9-440
惠娟,女,仫佬族,441,-1214053587,13888888441,o7ygyl@0355.net,泰州四路145号-8-9-440
鲜爱燕,女,塔吉克族,442,-1638384912,13988888442,lqby1r0i@263.net,正阳关街113号-4-5-442
迟聪思,女,俄罗斯族,443,-1629798562,15088888443,29w77u@hotmail.com,正阳关街113号-4-5-442
秦桂,女,裕固族,444,-2147483648,15188888444,llrxdin@sina.com,泰州三广场40号-1-1-444
郁妍,女,塔塔尔族,445,-1399437581,15288888445,mwu59w@msn.com,泰州三广场40号-1-1-444
刘航维,男,蒙古族,446,-1543096395,15788888446,zfcgcyeg@qq.com,秀湛路58号-1-7-446
殴融,女,毛南族,447,-2147483648,15888888447,gfzwj@live.com,秀湛路58号-1-7-446
连亨,男,怒族,448,-2147483648,15988888448,n10ewqh@yahoo.com.cn,黄县路81号-15-7-448
第栋,男,仡佬族,449,-1189179110,13088888449,725gj73@ask.com,黄县路81号-15-7-448
闵壮,男,土族,450,-2147483648,13188888450,pjbz7@yahoo.com.cn,金湖大厦76号-2-1-450
巫天,男,锡伯族,451,-2147483648,13288888451,rqera8yk@qq.com,金湖大厦76号-2-1-450
全雁,女,羌族,452,-2147483648,15588888452,ltw91dy@126.com,聊城大厦109号-13-9-452
南浩,男,俄罗斯族,453,-1681730682,15688888453,gq3jp@gmail.com,聊城大厦109号-13-9-452
生希燕,女,锡伯族,454,-2041849147,13388888454,nta42ews@yeah.net,湛山五街40号-5-5-454
胡 育,女,京族,455,-2147483648,15388888455,qc88g@0355.net,湛山五街40号-5-5-454
班晓,女,苗族,456,-2006049692,13488888456,xneqt8s@hotmail.com,胶州广场51号-19-3-456
空纯,女,毛南族,457,-1632058285,13588888457,cfp0y@qq.com,胶州广场51号-19-3-456
阳龙树,男,布朗族,458,-1009642713,13688888458,jen3qq8@263.net,寿张街54号-13-3-458
百仪,女,塔塔尔族,459,-1510278164,13788888459,sg604w2@aol.com,寿张街54号-13-3-458
席黛琬,女,鄂伦春族,460,-1885702828,13888888460,w8vg4@msn.com,瞿塘峡街33号-10-1-460
成兴,男,藏族,461,-2147483648,13988888461,ehe65bc@0355.net,瞿塘峡街33号-10-1-460
梁晨仁,男,撒拉族,462,-2147483648,15088888462,7s4l3rnd@263.net,高苑大厦76号-10-9-462
郭珠,女,高山族,463,-1880454142,15188888463,n711640v@126.com,高苑大厦76号-10-9-462
籍晶妹,女,东乡族,464,-1934657098,15288888464,d40c5@ask.com,胶州广场19号-19-4-464
昌瑗,女,畲族,465,-2000878981,15788888465,cmxlaadm@sina.com,胶州广场19号-19-4-464
濮群泰,男,土族,466,-2147483648,15888888466,z681cdk@qq.com,香港西大厦128号-14-10-466
关谦,男,瑶族,467,-979843422,15988888467,z3vkg@gmail.com,香港西大厦128号-14-10-466
墨萍翠,女,德昂族,468,-1322908978,13088888468,39aer@googlemail.com,扬州街141号-8-4-468
墨弘,男,珞巴族,469,-2147483648,13188888469,xtu2i@0355.net,扬州街141号-8-4-468
束腾,男,高山族,470,-1472343956,13288888470,bv3p0fh9@live.com,恒台街48号-16-7-470
司林,男,藏族,471,-2147483648,15588888471,o3yheqq@msn.com,恒台街48号-16-7-470
倪丽,女,哈萨克族,472,-985498724,15688888472,w1jf1@live.com,荣成路44号-7-5-472
霍达河,男,阿昌族,473,-2147483648,13388888473,c6xgw2x7@3721.net,荣成路44号-7-5-472
戚冰,女,怒族,474,-2147483648,15388888474,o5tdfa7@0355.net,大麦岛139号-8-6-474
古利敬,男,壮族,475,-2147483648,13488888475,t3tsk@163.com,大麦岛139号-8-6-474
岑瑞,女,土家族,476,-1627419259,13588888476,eozkh6hu@263.net,巨野大厦81号-19-4-476
解贞,女,京族,477,-1232116084,13688888477,u24ll39@aol.com,巨野大厦81号-19-4-476
钮秋枝,女,哈尼族,478,-1643351921,13788888478,97b5k@msn.com,湛山一街70号-8-6-478
米霭芳,女,塔吉克族,479,-2147483648,13888888479,l1y5h3@msn.com,湛山一街70号-8-6-478
冉飞,男,仫佬族,480,-2079544111,13988888480,5jzcug44@ask.com,镇江街94号-10-5-480
孙固,男,傣族,481,-2147483648,15088888481,gk0nm56@msn.com,镇江街94号-10-5-480
居茗岚,女,维吾尔族,482,-1085739590,15188888482,59jbnqg0@hotmail.com,泰兴广场18号-13-5-482
淳钧,男,哈尼族,483,-2059834308,15288888483,8ox07x8@yahoo.com,泰兴广场18号-13-5-482
季雁,女,黎族,484,-1322276107,15788888484,6zvbq@yahoo.com.cn,观城路18号-1-3-484
邬坚,男,保安族,485,-983545367,15888888485,e36qiuk2@live.com,观城路18号-1-3-484
周泰,男,塔塔尔族,486,-2147483648,15988888486,ed9hi@yeah.net,普集支路17号-2-4-486
东思瑶,女,藏族,487,-2147483648,13088888487,grlnm@163.net,普集支路17号-2-4-486
诸梁毅,男,高山族,488,-2147483648,13188888488,byld7e8t@yahoo.com,大学广场86号-12-6-488
谷楠盛,男,高山族,489,-1622271340,13288888489,lv3qy4@yahoo.com.cn,大学广场86号-12-6-488
双士谦,男,羌族,490,-2147483648,15588888490,ys2kkxy@gmail.com,热河大厦55号-20-6-490
朱彩,女,阿昌族,491,-2147483648,15688888491,jsfm0n@qq.com,热河大厦55号-20-6-490
姜馨蓓,女,黎族,492,-2147483648,13388888492,k8yv9xo9@yahoo.com,青威高速47号-18-1-492
孙妍荷,女,阿昌族,493,-2147483648,15388888493,6g605ubd@qq.com,青威高速47号-18-1-492
程时,男,壮族,494,-1544459594,13488888494,rz2wca@aol.com,仙山街92号-2-8-494
莘时,男,壮族,495,-2147483648,13588888495,t3x0ii0e@sina.com,仙山街92号-2-8-494
乐磊轮,男,赫哲族,496,-1621474364,13688888496,cwqu9lj@aol.com,磁山路115号-2-7-496
云枫,女,基诺族,497,-1560215388,13788888497,4lof6@qq.com,磁山路115号-2-7-496
商哲,男,德昂族,498,-1367564915,13888888498,yuvmcm7@263.net,广饶支街99号-20-9-498
席伟志,男,怒族,499,-1631781993,13988888499,ez03rhbn@sohu.com,广饶支街99号-20-9-498
唐平,男,瑶族,500,-2147483648,15088888500,y2a7uvf@sohu.com,台南路39号-15-1-500
父勤珠,女,汉族,501,-2147483648,15188888501,qgbzuw@qq.com,台南路39号-15-1-500
阚怡竹,女,锡伯族,502,-2147483648,15288888502,r58yv13j@sohu.com,机场路81号-15-5-502
里国泰,男,塔塔尔族,503,-2147483648,15788888503,kmg597i@gmail.com,机场路81号-15-5-502
能舒,女,瑶族,504,-2147483648,15888888504,cine45@3721.net,夏庄街道60号-19-7-504
司竹韵,女,乌孜别克族,505,-2147483648,15988888505,3dhui@0355.net,夏庄街道60号-19-7-504
吕欣荷,女,普米族,506,-1166584743,13088888506,mteje5cs@sohu.com,昌乐街12号-1-9-506
粱婉,女,水族,507,-1311370815,13188888507,7usn0f9@163.com,昌乐街12号-1-9-506
谯艺,女,傣族,508,-2147483648,13288888508,ufrd6@yeah.net,珠海二街16号-18-4-508
仉 琴,女,仡佬族,509,-1893376062,15588888509,ua1k2ju@gmail.com,珠海二街16号-18-4-508
伯国,男,畲族,510,-1288754249,15688888510,37ewrn@0355.net,菜市一街56号-12-3-510
艾胜,男,乌孜别克族,511,-1661859578,13388888511,v9dybu@sohu.com,菜市一街56号-12-3-510
冶绍,男,回族,512,-1512861326,15388888512,lxvj6@qq.com,华山路116号-1-9-512
蓝安坚,男,毛南族,513,-1169466594,13488888513,ibp1y@live.com,华山路116号-1-9-512
万秀,女,景颇族,514,-2147483648,13588888514,utwha@live.com,南通大厦135号-17-1-514
禹慧,女,塔吉克族,515,-1776316984,13688888515,s4qr2gp0@126.com,南通大厦135号-17-1-514
延辰振,男,傈僳族,516,-2042843810,13788888516,t3sa11md@3721.net,大名路72号-8-2-516
党香,女,满族,517,-968083451,13888888517,fsmtv1h@yeah.net,大名路72号-8-2-516
乐可,女,俄罗斯族,518,-1940537146,13988888518,6ctbzwim@163.com,商河路98号-20-7-518
门军,男,拉祜族,519,-1431600432,15088888519,njbrp@ask.com,商河路98号-20-7-518
徐钧,男,汉族,520,-2147483648,15188888520,cxqs6x@163.com,诸城大厦14号-2-9-520
仲薇彩,女,基诺族,521,-2147483648,15288888521,1fds2@ask.com,诸城大厦14号-2-9-520
于欣,女,侗族,522,-2147483648,15788888522,dipu5i@0355.net,宁夏路128号-3-6-522
良嘉,女,锡伯族,523,-2147483648,15888888523,sfbsjdyr@263.net,宁夏路128号-3-6-522
封芬春,女,朝鲜族,524,-1675725049,15988888524,s8lcaf7v@sina.com,聊城大厦38号-10-10-524
姓舒,女,土族,525,-2147483648,13088888525,19p0d@163.com,聊城大厦38号-10-10-524
逯保,男,普米族,526,-2147483648,13188888526,2tq1h@126.com,惠民南路113号-3-3-526
百云亚,女,汉族,527,-1547739525,13288888527,95zzk9@hotmail.com,惠民南路113号-3-3-526
帅霞,女,塔塔尔族,528,-1682561131,15588888528,6uv9u@yahoo.com,无棣街79号-14-10-528
涂伟,男,德昂族,529,-1346505081,15688888529,7i68imly@3721.net,无棣街79号-14-10-528
劳婉毓,女,仡佬族,530,-1545343867,13388888530,87nbkf@hotmail.com,寿康路21号-18-6-530
茹义思,男,蒙古族,531,-2147483648,15388888531,z57g9p@163.net,寿康路21号-18-6-530
佴红,女,毛南族,532,-2147483648,13488888532,tx6wy6@msn.com,宁国一支广场18号-20-6-532
亓诚,男,塔吉克族,533,-1693094651,13588888533,9yx03kd@qq.com,宁国一支广场18号-20-6-532
路鹏,男,景颇族,534,-2147483648,13688888534,mz9elyc@msn.com,济宁支街119号-12-4-534
续飞朗,男,维吾尔族,535,-2147483648,13788888535,xm95tie@163.net,济宁支街119号-12-4-534
莘丹,女,珞巴族,536,-2013508330,13888888536,ejg7wxe@126.com,平原广场20号-5-4-536
归娥亚,女,布依族,537,-1235692265,13988888537,lacz69b0@yeah.net,平原广场20号-5-4-536
朱保风,男,黎族,538,-1151747433,15088888538,no155ugi@qq.com,菜市二路45号-9-8-538
文欣,女,白族,539,-1363984707,15188888539,oti3y@263.net,菜市二路45号-9-8-538
戈武,男,哈尼族,540,-1520986448,15288888540,22z65i@gmail.com,湛山三路13号-6-10-540
扶滢华,女,高山族,541,-1573371791,15788888541,370808kl@aol.com,湛山三路13号-6-10-540
骆淑,女,鄂伦春族,542,-1882372861,15888888542,rkq55l@yeah.net,文登广场66号-6-8-542
伏之,男,东乡族,543,-2147483648,15988888543,wnleyozm@hotmail.com,文登广场66号-6-8-542
齐栋,男,撒拉族,544,-2147483648,13088888544,s7lkjmdi@163.net,阳明广场69号-9-6-544
阳昭媛,女,白族,545,-2147483648,13188888545,m6l44us1@ask.com,阳明广场69号-9-6-544
禄仁进,男,哈萨克族,546,-1833179543,13288888546,weqhg408@gmail.com,泰山支路120号-15-7-546
喻琼,女,裕固族,547,-2147483648,15588888547,19glxac@msn.com,泰山支路120号-15-7-546
子珠,女,柯尔克孜族,548,-1661361705,15688888548,wtw4g78@0355.net,城武支大厦74号-4-8-548
湛芳,女,苗族,549,-1369288133,13388888549,kck26qr@163.net,城武支大厦74号-4-8-548
全贵,男,撒拉族,550,-2147483648,15388888550,at34i53t@gmail.com,黄台支广场86号-11-3-550
宋彬,男,鄂温克族,551,-1808008541,13488888551,lelzv8w@yeah.net,黄台支广场86号-11-3-550
屠福,男,土家族,552,-2147483648,13588888552,w5xyspf1@0355.net,民航街122号-15-8-552
诸飞辰,男,畲族,553,-2147483648,13688888553,fqskk7os@yeah.net,民航街122号-15-8-552
索莎,女,德昂族,554,-940201550,13788888554,h6qdw@aol.com,澄海三路44号-8-4-554
巢育,女,黎族,555,-2147483648,13888888555,wat1n@qq.com,澄海三路44号-8-4-554
孙莺,女,保安族,556,-1232897496,13988888556,3ha43@aol.com,中城路63号-9-7-556
商琦,女,纳西族,557,-1168732084,15088888557,oj2so29m@163.net,中城路63号-9-7-556
芮凝,女,壮族,558,-2147483648,15188888558,sownzw@yahoo.com,齐东路105号-13-5-558
孙荷秋,女,高山族,559,-960184725,15288888559,thw85tc6@yeah.net,齐东路105号-13-5-558
西子,男,保安族,560,-1809142540,15788888560,ihjwrgo0@0355.net,市场纬街123号-9-10-560
丘聪瑗,女,回族,561,-1179827967,15888888561,74n23@aol.com,市场纬街123号-9-10-560
孟姣,女,水族,562,-2147483648,15988888562,z4ljc3@yahoo.com,嘉祥路48号-15-3-562
淳霭枝,女,瑶族,563,-2147483648,13088888563,a26eyj6g@163.net,嘉祥路48号-15-3-562
简良中,男,珞巴族,564,-1387737203,13188888564,9bdla@msn.com,曹县路106号-14-5-564
蓝伯志,男,藏族,565,-1551490694,13288888565,xrj6n@yeah.net,曹县路106号-14-5-564
越超,男,彝族,566,-1169348450,15588888566,ez96gc@0355.net,包头路95号-12-8-566
史晓,女,汉族,567,-1597047592,15688888567,s3v8c80@sohu.com,包头路95号-12-8-566
琴家民,男,塔塔尔族,568,-1634962946,13388888568,3pwt0x2n@live.com,诸城大厦99号-16-10-568
邹策,男,藏族,569,-1942330329,15388888569,9ns6ew@263.net,诸城大厦99号-16-10-568
毛伯,男,拉祜族,570,-2147483648,13488888570,n0updbm@sina.com,镇江街19号-10-3-570
干言辉,男,鄂温克族,571,-2147483648,13588888571,m8ys2@263.net,镇江街19号-10-3-570
红贞,女,怒族,572,-2147483648,13688888572,r5d7ax@sohu.com,沈阳支大厦33号-4-4-572
容星刚,男,傈僳族,573,-1586944378,13788888573,ump22f75@gmail.com,沈阳支大厦33号-4-4-572
殳媛菊,女,维吾尔族,574,-2042219532,13888888574,7rd74lvu@hotmail.com,西康街127号-5-5-574
顾发全,男,朝鲜族,575,-2147483648,13988888575,gvsuj@hotmail.com,西康街127号-5-5-574
奚祥,男,高山族,576,-2147483648,15088888576,zqi5j@263.net,太清路38号-4-1-576
宇琛,男,朝鲜族,577,-2147483648,15188888577,jvvq0afs@qq.com,太清路38号-4-1-576
侯榕,男,塔塔尔族,578,-2046565848,15288888578,49stw9@yeah.net,新湛路104号-5-2-578
简婵,女,回族,579,-1510152531,15788888579,znw3g7r3@yeah.net,新湛路104号-5-2-578
束斌,男,仫佬族,580,-1038594867,15888888580,o7uhhl1@0355.net,西陵峡二街78号-10-8-580
华健林,男,锡伯族,581,-1711096624,15988888581,l8k8ea@0355.net,西陵峡二街78号-10-8-580
田秀,女,彝族,582,-2147483648,13088888582,gvu0nh7@263.net,康城街109号-4-6-582
狐茜青,女,仡佬族,583,-2147483648,13188888583,zbi1q@ask.com,康城街109号-4-6-582
高 萍,女,仫佬族,584,-1476529183,13288888584,4jwfe@yahoo.com.cn,河北大厦24号-19-10-584
诸妍,女,佤族,585,-2147483648,15588888585,0yzmu3@gmail.com,河北大厦24号-19-10-584
云旭,男,怒族,586,-2147483648,15688888586,zk6dkd91@live.com,丽水街13号-11-7-586
夏庆栋,男,汉族,587,-2020447652,13388888587,tjg98f1@ask.com,丽水街13号-11-7-586
焦涛先,男,仫佬族,588,-2086554721,15388888588,exrhe8@msn.com,新湛支路51号-7-9-588
谯启海,男,锡伯族,589,-1225015181,13488888589,4b6ge@0355.net,新湛支路51号-7-9-588
缑克,男,塔吉克族,590,-2147483648,13588888590,x08aefm@yahoo.com.cn,龙华街82号-12-8-590
滑红兰,女,壮族,591,-2147483648,13688888591,iwgbpx6@qq.com,龙华街82号-12-8-590
查毓,女,畲族,592,-2147483648,13788888592,ilhq3@aol.com,流亭大厦23号-19-2-592
史艳莎,女,门巴族,593,-2147483648,13888888593,yow20w0@googlemail.com,流亭大厦23号-19-2-592
靳馨,女,乌孜别克族,594,-1055519531,13988888594,ewfwx8be@hotmail.com,冠县路57号-13-9-594
公慧,女,俄罗斯族,595,-2147483648,15088888595,3b5eu@3721.net,冠县路57号-13-9-594
滑彬,男,裕固族,596,-1056523159,15188888596,85wnfjow@163.net,济南街128号-11-9-596
昌韵真,女,塔吉克族,597,-2147483648,15288888597,yziwg3@qq.com,济南街128号-11-9-596
舒琴,女,回族,598,-2147483648,15788888598,0u3z8kk7@163.com,四平支路48号-17-1-598
后星致,男,怒族,599,-1170628630,15888888599,sdnp29@msn.com,四平支路48号-17-1-598
钱元,男,怒族,600,-2147483648,15988888600,oe95837@hotmail.com,城武大厦70号-9-7-600
轩宜梦,女,普米族,601,-2147483648,13088888601,n4jois@aol.com,城武大厦70号-9-7-600
时娴姬,女,乌孜别克族,602,-2147483648,13188888602,v5exf@3721.net,菜市一街26号-12-9-602
刁柔,女,普米族,603,-2003441821,13288888603,taehia@sina.com,菜市一街26号-12-9-602
缪叶婕,女,锡伯族,604,-1886448256,15588888604,kya3t3zz@gmail.com,湛山三路124号-11-2-604
钟璐,女,侗族,605,-2052229456,15688888605,cqpig@sohu.com,湛山三路124号-11-2-604
杜岩祥,男,塔塔尔族,606,-2147483648,13388888606,81r8l@yahoo.com,蒙阴大厦144号-3-1-606
阙宜,女,傣族,607,-1850346363,15388888607,fs30ixyz@yahoo.com,蒙阴大厦144号-3-1-606
赏旭彬,男,裕固族,608,-1384612626,13488888608,xpozs8@yeah.net,港通路30号-18-3-608
桓江,男,锡伯族,609,-1366749102,13588888609,mn9miz@googlemail.com,港通路30号-18-3-608
沈秀,女,裕固族,610,-1487532675,13688888610,t736hb2@yahoo.com.cn,渤海街149号-10-8-610
公兰菁,女,独龙族,611,-2136612285,13788888611,rl7013ci@msn.com,渤海街149号-10-8-610
熊裕,男,基诺族,612,-2147483648,13888888612,6clxb@yahoo.com.cn,振兴街125号-5-2-612
五厚昌,男,达斡尔族,613,-1753373034,13988888613,wfjjies1@163.net,振兴街125号-5-2-612
卞民,男,黎族,614,-1498387849,15088888614,7voz0so@ask.com,澳门九广场92号-6-6-614
端军,男,苗族,615,-2147483648,15188888615,obhq4q@3721.net,澳门九广场92号-6-6-614
李蓉,女,土族,616,-2147483648,15288888616,cbaldca@googlemail.com,吴淞路134号-7-8-616
赏和鹏,男,锡伯族,617,-2053496475,15788888617,5pto1jrh@sohu.com,吴淞路134号-7-8-616
臧磊世,男,京族,618,-1868657047,15888888618,4xc7u22@yeah.net,太平角四路122号-2-6-618
焦澜馨,女,瑶族,619,-2147483648,15988888619,zti6yilo@googlemail.com,太平角四路122号-2-6-618
顾风康,男,回族,620,-2147483648,13088888620,x772wbt1@live.com,吴兴大厦14号-11-8-620
卢韵,女,东乡族,621,-1079524987,13188888621,yi54lwqg@yahoo.com,吴兴大厦14号-11-8-620
艾民龙,男,藏族,622,-2147483648,13288888622,yf9z6@msn.com,长春街118号-13-4-622
田旭,男,彝族,623,-1594647372,15588888623,rgzn40eu@msn.com,长春街118号-13-4-622
赖眉,女,傣族,624,-1184704039,15688888624,8s79ymn@sina.com,鱼山广场54号-10-1-624
第康,男,傣族,625,-1243647754,13388888625,apuu4zh@126.com,鱼山广场54号-10-1-624
融善雄,男,塔塔尔族,626,-1037760957,15388888626,j1ns4y@yeah.net,瑞阳街23号-8-7-626
胥嘉,女,回族,627,-1857571699,13488888627,id1qc94@163.net,瑞阳街23号-8-7-626
佘锦,女,鄂温克族,628,-2147483648,13588888628,1igw2lkc@yahoo.com.cn,太平山64号-13-5-628
钦柔瑗,女,仡佬族,629,-2147483648,13688888629,ek0qaofx@yahoo.com,太平山64号-13-5-628
爱萍,女,藏族,630,-2147483648,13788888630,5uocp7@0355.net,湛山三路116号-9-3-630
翟功昌,男,佤族,631,-2147483648,13888888631,51t0z0@126.com,湛山三路116号-9-3-630
庄莲,女,基诺族,632,-2147483648,13988888632,7y461b0@163.com,临朐路85号-19-6-632
容伦,男,彝族,633,-2147483648,15088888633,3zy74fp@sina.com,临朐路85号-19-6-632
宗琴,女,哈萨克族,634,-1408562112,15188888634,lqowvg4@126.com,黄台广场87号-7-3-634
包旭绍,男,达斡尔族,635,-1918296172,15288888635,71v7nd2@googlemail.com,黄台广场87号-7-3-634
司彩宜,女,白族,636,-1019649556,15788888636,39b88@3721.net,南京广场51号-14-4-636
连娥茗,女,水族,637,-1753882371,15888888637,fc7pmv4@163.net,南京广场51号-14-4-636
壤飞良,男,畲族,638,-1809349209,15988888638,5x2iun@yahoo.com.cn,丽水街88号-10-8-638
桓勇志,男,土家族,639,-1552711851,13088888639,hmfy1a@yahoo.com,丽水街88号-10-8-638
洪霄英,女,东乡族,640,-2147483648,13188888640,6vw1z8@sohu.com,大麦岛24号-19-7-640
龙嘉,女,哈萨克族,641,-1726306331,13288888641,w3w41@sohu.com,大麦岛24号-19-7-640
饶翰克,男,瑶族,642,-2147483648,15588888642,x6khqaax@live.com,平度广场130号-4-2-642
龙锦妍,女,裕固族,643,-1252427790,15688888643,z067jy@163.net,平度广场130号-4-2-642
隗霞,女,侗族,644,-2147483648,13388888644,65rgcwsb@msn.com,济南街21号-4-4-644
常纯伊,女,仫佬族,645,-1701005785,15388888645,b29tzofs@sina.com,济南街21号-4-4-644
隆美,女,维吾尔族,646,-1313260407,13488888646,swwvmmqc@googlemail.com,胶东广场91号-3-9-646
权妹,女,锡伯族,647,-2147483648,13588888647,uwcuxre@qq.com,胶东广场91号-3-9-646
花韵,女,鄂伦春族,648,-1775789886,13688888648,zpkv8bje@sina.com,韶关路52号-10-2-648
陶凡,女,仡佬族,649,-1894797204,13788888649,uy6ntpw@live.com,韶关路52号-10-2-648
欧静,女,羌族,650,-1281050792,13888888650,cqme3q@sohu.com,广饶支街82号-19-5-650
门薇倩,女,佤族,651,-1463128047,13988888651,j9o9y@yahoo.com,广饶支街82号-19-5-650
阚菲春,女,朝鲜族,652,-1175554370,15088888652,8e8omo@163.net,莲岛大厦103号-8-5-652
贲梅,女,撒拉族,653,-1140825109,15188888653,yh8je@126.com,莲岛大厦103号-8-5-652
萧伟发,男,土家族,654,-2147483648,15288888654,5evru@sina.com,铁山广场73号-16-2-654
谷策泽,男,毛南族,655,-2147483648,15788888655,vrakr@aol.com,铁山广场73号-16-2-654
晁婵,女,瑶族,656,-1090579112,15888888656,3ujg7ru6@qq.com,宁德街36号-14-6-656
松翔,男,维吾尔族,657,-1122617724,15988888657,pu36s5j@163.com,宁德街36号-14-6-656
秦蓓,女,赫哲族,658,-2147483648,13088888658,9cltbzo@yahoo.com.cn,仙山西大厦96号-20-8-658
红宁东,男,俄罗斯族,659,-951680076,13188888659,k02dyfl@yahoo.com,仙山西大厦96号-20-8-658
薛瑶,女,羌族,660,-1407017449,13288888660,wxzv56k@aol.com,阳明广场43号-4-6-660
邹爱爱,女,高山族,661,-2147483648,15588888661,i359g37@sina.com,阳明广场43号-4-6-660
左君冰,女,蒙古族,662,-2013844180,15688888662,g3fr0epg@googlemail.com,郧阳路97号-12-9-662
广荔叶,女,羌族,663,-1241906957,13388888663,buszjc8@126.com,郧阳路97号-12-9-662
满新,男,毛南族,664,-2147483648,15388888664,iolzs5y@yahoo.com.cn,上海路37号-10-7-664
秋国,男,鄂伦春族,665,-1158878557,13488888665,q4p40@qq.com,上海路37号-10-7-664
宗进鸣,男,高山族,666,-2147483648,13588888666,qifaicyo@163.net,正阳关街35号-19-4-666
禹政,男,维吾尔族,667,-2147483648,13688888667,i4kkc@163.com,正阳关街35号-19-4-666
毛慧滢,女,基诺族,668,-2059303069,13788888668,njw2o@hotmail.com,松江路102号-8-8-668
国琰,女,黎族,669,-1395126534,13888888669,2jkzefs8@hotmail.com,松江路102号-8-8-668
汲苑,女,布依族,670,-1998898339,13988888670,scxdj@gmail.com,秀湛路25号-12-9-670
郦若,男,柯尔克孜族,671,-2081955400,15088888671,9p79vjpa@gmail.com,秀湛路25号-12-9-670
苗薇芸,女,藏族,672,-1052369109,15188888672,obkxly@live.com,宁国一大厦49号-14-1-672
秋毓柔,女,羌族,673,-1261081276,15288888673,tsvq2@sina.com,宁国一大厦49号-14-1-672
沈梅,女,撒拉族,674,-1973251718,15788888674,c0r4w2jl@hotmail.com,石岛广场90号-7-9-674
雍福,男,布依族,675,-1047834792,15888888675,uef76o@sohu.com,石岛广场90号-7-9-674
宿冰,女,朝鲜族,676,-2147483648,15988888676,21z8rq1e@yahoo.com.cn,台东八广场60号-14-5-676
羊生茂,男,京族,677,-1087235029,13088888677,43375i@126.com,台东八广场60号-14-5-676
车厚,男,朝鲜族,678,-2147483648,13188888678,1gs8vl8@ask.com,湛山四大厦71号-14-5-678
屠毅政,男,阿昌族,679,-2147483648,13288888679,w2izpejq@sina.com,湛山四大厦71号-14-5-678
养榕,男,壮族,680,-2147483648,15588888680,jvlpn@163.com,昌平街98号-13-8-680
史以才,男,苗族,681,-2147483648,15688888681,46v4f2@ask.com,昌平街98号-13-8-680
宫磊,男,壮族,682,-1978285203,13388888682,4aaugu@0355.net,湖南路71号-11-6-682
台功,男,锡伯族,683,-2147483648,15388888683,v3rue@163.com,湖南路71号-11-6-682
乌竹欢,女,佤族,684,-2147483648,13488888684,4trvsy@ask.com,正阳路53号-18-4-684
叶园玲,女,仡佬族,685,-2147483648,13588888685,424g7ndc@yahoo.com.cn,正阳路53号-18-4-684
窦淑思,女,满族,686,-936975209,13688888686,ta1hm5r@qq.com,邱县路31号-10-1-686
红姣,女,布依族,687,-2147483648,13788888687,2oo63@yeah.net,邱县路31号-10-1-686
褚松会,男,羌族,688,-2147483648,13888888688,qnug4un@hotmail.com,信号山支路75号-10-3-688
葛宁,男,土家族,689,-1554585197,13988888689,wwca25@hotmail.com,信号山支路75号-10-3-688
童瑾茜,女,哈尼族,690,-2147483648,15088888690,lmefj@yahoo.com,花莲街85号-5-1-690
寇怡秋,女,蒙古族,691,-2147483648,15188888691,gm96i1@qq.com,花莲街85号-5-1-690
第厚平,男,仫佬族,692,-2143625378,15288888692,9ncx4@gmail.com,蒙阴大厦30号-4-4-692
慎林,男,高山族,693,-2073254732,15788888693,abu9m@sina.com,蒙阴大厦30号-4-4-692
仲全顺,男,东乡族,694,-1195371757,15888888694,0qboy@126.com,潍县广场18号-4-2-694
顾青,女,柯尔克孜族,695,-2147483648,15988888695,7x5cs@163.com,潍县广场18号-4-2-694
聂萍,女,汉族,696,-2147483648,13088888696,safeat@googlemail.com,龙山路99号-8-5-696
须静,女,纳西族,697,-1107291601,13188888697,hhg40thk@yahoo.com.cn,龙山路99号-8-5-696
盖政先,男,彝族,698,-1376707780,13288888698,q3go53@sohu.com,福清广场52号-13-3-698
子力,男,高山族,699,-1762267465,15588888699,tpxtp5d7@aol.com,福清广场52号-13-3-698
薄琴,女,瑶族,700,-1157911558,15688888700,4eu2m91j@3721.net,武胜关广场16号-17-5-700
皇倩秋,女,锡伯族,701,-1755720527,13388888701,cy5a62@ask.com,武胜关广场16号-17-5-700
汲亨群,男,赫哲族,702,-2075877430,15388888702,0at8ql@ask.com,秋阳路21号-7-5-702
伯士康,男,土家族,703,-2147483648,13488888703,l15y3@0355.net,秋阳路21号-7-5-702
丁顺强,男,基诺族,704,-2147483648,13588888704,ndw8p@0355.net,春阳路140号-20-1-704
阳旭中,男,鄂伦春族,705,-1653011488,13688888705,6h0f9kf2@sohu.com,春阳路140号-20-1-704
梅风伯,男,藏族,706,-964160053,13788888706,ebptwj@sina.com,恒台街99号-17-5-706
万娣韵,女,回族,707,-1019494729,13888888707,uieyvh@msn.com,恒台街99号-17-5-706
赖朋致,男,布依族,708,-1187678267,13988888708,lb66sb@gmail.com,胶东广场67号-3-5-708
席富勇,男,白族,709,-2147483648,15088888709,yx5qov@263.net,胶东广场67号-3-5-708
薛树,男,维吾尔族,710,-1904437150,15188888710,thgqka1n@163.com,瑞金广场140号-11-4-710
邱丽,女,水族,711,-1733755876,15288888711,ik9nrq@163.net,瑞金广场140号-11-4-710
纪力庆,男,维吾尔族,712,-2126431570,15788888712,9wl42@sina.com,兴安大厦119号-4-10-712
太兰,女,高山族,713,-2147483648,15888888713,87i0rf@gmail.com,兴安大厦119号-4-10-712
邓佳兰,女,维吾尔族,714,-2147483648,15988888714,iurpq@3721.net,和兴路130号-15-8-714
计倩香,女,塔吉克族,715,-2147483648,13088888715,sf0r75s@sina.com,和兴路130号-15-8-714
仰先维,男,纳西族,716,-2097425891,13188888716,u05jy@aol.com,禹城街121号-1-5-716
都珊,女,仡佬族,717,-1408314789,13288888717,qtonu4w@sohu.com,禹城街121号-1-5-716
方柔,女,毛南族,718,-1554128792,15588888718,zagqf@163.com,澳门二路24号-1-3-718
蓝浩,男,裕固族,719,-2117214802,15688888719,7942md@126.com,澳门二路24号-1-3-718
蔚家,男,白族,720,-2147483648,13388888720,xnnvge@live.com,台西纬三广场44号-7-9-720
夹珠,女,赫哲族,721,-1409066582,15388888721,13lm61g@yahoo.com,台西纬三广场44号-7-9-720
印荷霄,女,赫哲族,722,-1209421789,13488888722,whv4jqm@3721.net,陵县大厦132号-5-2-722
匡蕊,女,布朗族,723,-2147483648,13588888723,psxl8jt@msn.com,陵县大厦132号-5-2-722
吕元,男,侗族,724,-2113497092,13688888724,i2kf1xz@sohu.com,珠海街48号-5-1-724
周江泽,男,水族,725,-1684184821,13788888725,j66qghe@qq.com,珠海街48号-5-1-724
裴会安,男,达斡尔族,726,-2147483648,13888888726,8yvsndo@sohu.com,张店大厦106号-5-5-726
满菊竹,女,锡伯族,727,-1390400788,13988888727,gqlmum65@sohu.com,张店大厦106号-5-5-726
毕固承,男,傣族,728,-2147483648,15088888728,y6abg5f3@live.com,大港纬四街107号-8-1-728
邢菁,女,锡伯族,729,-1449917945,15188888729,o9x2rt@qq.com,大港纬四街107号-8-1-728
空珠纨,女,乌孜别克族,730,-1328642543,15288888730,8346y4q4@263.net,古田路23号-13-9-730
蓟慧娴,女,毛南族,731,-1870787134,15788888731,k14lih@gmail.com,古田路23号-13-9-730
段珍茗,女,畲族,732,-1376813951,15888888732,gxhu6co@live.com,鄱阳湖大厦62号-12-3-732
宣黛,女,白族,733,-1805978574,15988888733,xvq1e3f@hotmail.com,鄱阳湖大厦62号-12-3-732
太豪,男,维吾尔族,734,-2147483648,13088888734,1zoey@yahoo.com.cn,康城街136号-7-9-734
逄影,女,柯尔克孜族,735,-2147483648,13188888735,q240eq@live.com,康城街136号-7-9-734
申瑾,女,门巴族,736,-1608742957,13288888736,42q2h6xp@yahoo.com,营口路55号-14-6-736
凌洁,女,保安族,737,-2147483648,15588888737,xxdi4q@3721.net,营口路55号-14-6-736
侯黛璧,女,鄂温克族,738,-2147483648,15688888738,ibxvc2w@msn.com,台西五路107号-7-1-738
糜丽,女,傈僳族,739,-973221310,13388888739,5lvk2i@ask.com,台西五路107号-7-1-738
訾春,女,朝鲜族,740,-1812906620,15388888740,5m5x6rf@ask.com,吴兴三广场133号-9-6-740
夏倩,女,阿昌族,741,-2147483648,13488888741,syg7qin@yahoo.com.cn,吴兴三广场133号-9-6-740
尤莺琼,女,锡伯族,742,-1725514049,13588888742,ii97lry@googlemail.com,龙岩街109号-2-2-742
尹荷羽,女,黎族,743,-1620396686,13688888743,9d34n@live.com,龙岩街109号-2-2-742
乐希眉,女,门巴族,744,-2147483648,13788888744,fj64fvt@yahoo.com.cn,四平路27号-3-5-744
廖航,男,保安族,745,-1411884098,13888888745,s594rezq@126.com,四平路27号-3-5-744
孟泽庆,男,布朗族,746,-1242882587,13988888746,p66io@gmail.com,莱阳街38号-11-5-746
郝中坚,男,鄂温克族,747,-1013499672,15088888747,dzvt0d@0355.net,莱阳街38号-11-5-746
贺朋泽,男,哈尼族,748,-1820311099,15188888748,dirf4@msn.com,嘉峪关路99号-10-6-748
濮诚,男,景颇族,749,-2147483648,15288888749,657bnyaw@live.com,嘉峪关路99号-10-6-748
古固震,男,基诺族,750,-2138681871,15788888750,44xppy@263.net,德平广场133号-3-2-750
勾发俊,男,傈僳族,751,-2035545077,15888888751,fxezvs5n@msn.com,德平广场133号-3-2-750
田眉素,女,赫哲族,752,-2147483648,15988888752,5145qyb@live.com,渤海街95号-10-4-752
尉宁,女,土家族,753,-2084076606,13088888753,9o4jjno@msn.com,渤海街95号-10-4-752
寇桂亚,女,羌族,754,-2147483648,13188888754,nk2ns@gmail.com,康城街96号-9-8-754
孙元,男,撒拉族,755,-1386927832,13288888755,yfka7uab@3721.net,康城街96号-9-8-754
郝彬奇,男,塔吉克族,756,-2147483648,15588888756,9nynm@aol.com,内蒙古路91号-17-3-756
岳馥娅,女,赫哲族,757,-1330070643,15688888757,v7eyjiv2@sina.com,内蒙古路91号-17-3-756
阳宁勤,女,柯尔克孜族,758,-1773516714,13388888758,wyvfqas@yahoo.com.cn,西藏路89号-2-8-758
鄢丹,女,裕固族,759,-1432183344,15388888759,977af@aol.com,西藏路89号-2-8-758
席之克,男,壮族,760,-1459706495,13488888760,penq35jq@live.com,澳门五路145号-7-4-760
崔绍,男,傈僳族,761,-1992567158,13588888761,zx44tu0a@hotmail.com,澳门五路145号-7-4-760
利茗枝,女,基诺族,762,-2147483648,13688888762,61eyq@ask.com,山东路47号-1-7-762
万露伊,女,保安族,763,-1341839037,13788888763,vkhccynq@sohu.com,山东路47号-1-7-762
苍园媛,女,畲族,764,-1080579287,13888888764,i33pzn@hotmail.com,天台东二街112号-8-1-764
宇群福,男,达斡尔族,765,-1816937243,13988888765,ue6wn3hl@yahoo.com.cn,天台东二街112号-8-1-764
宗心,男,乌孜别克族,766,-1337988011,15088888766,m3c9e7v@3721.net,台东西二路122号-11-6-766
方绍,男,鄂温克族,767,-2147483648,15188888767,7mnmfb@0355.net,台东西二路122号-11-6-766
柳辰中,男,仫佬族,768,-1497098514,15288888768,2s8hry@msn.com,澳门八街11号-12-4-768
于松树,男,门巴族,769,-975853766,15788888769,a9z0y4o@ask.com,澳门八街11号-12-4-768
漆竹,女,维吾尔族,770,-1296072679,15888888770,acrgm@sohu.com,临邑路139号-10-3-770
岳雪,女,蒙古族,771,-1297362871,15988888771,q44mxa@aol.com,临邑路139号-10-3-770
莘巧,女,达斡尔族,772,-1342484988,13088888772,047ru9@3721.net,黄岛路106号-9-6-772
牛盛强,男,锡伯族,773,-993029866,13188888773,3yfwxbc2@yahoo.com,黄岛路106号-9-6-772
权伟,男,仫佬族,774,-1399607985,13288888774,3b6y6@163.net,甘肃广场45号-20-1-774
东舒柔,女,鄂温克族,775,-2147483648,15588888775,0fws9un@ask.com,甘肃广场45号-20-1-774
郁雁,女,布朗族,776,-1348474389,15688888776,4zr87@live.com,太平角三大厦147号-11-1-776
容杰,男,仫佬族,777,-1178007923,13388888777,5nh3o@yeah.net,太平角三大厦147号-11-1-776
汲刚奇,男,乌孜别克族,778,-1065190616,15388888778,byv7d6@3721.net,中川路37号-12-2-778
单中,男,拉祜族,779,-2147483648,13488888779,jxigp83@0355.net,中川路37号-12-2-778
霍艺伊,女,布依族,780,-2147483648,13588888780,ngyjdyq@live.com,宁国二支路60号-20-6-780
厍祥,男,塔吉克族,781,-1777229325,13688888781,08ky3ekc@sina.com,宁国二支路60号-20-6-780
封晨家,男,苗族,782,-1632456296,13788888782,ukhyuk@aol.com,泰州街90号-7-7-782
艾兰,女,普米族,783,-1104468148,13888888783,b1s8oy@263.net,泰州街90号-7-7-782
佘环,女,羌族,784,-1842675350,13988888784,s7wxcnj@sohu.com,单县路74号-6-6-784
子炎翔,男,羌族,785,-1726212593,15088888785,juaqr5@3721.net,单县路74号-6-6-784
庚春叶,女,鄂伦春族,786,-2097305365,15188888786,oug43lo8@sohu.com,湛山路114号-2-9-786
太洁,女,布依族,787,-2147483648,15288888787,48lhbfyg@gmail.com,湛山路114号-2-9-786
廉佳,女,畲族,788,-2147483648,15788888788,m9ww8x73@yahoo.com.cn,新昌街89号-17-3-788
南佳,女,德昂族,789,-1404418435,15888888789,phwsy@qq.com,新昌街89号-17-3-788
安风民,男,傣族,790,-2147483648,15988888790,j86ekb@163.com,云南路40号-10-6-790
言蓉佳,女,藏族,791,-2147483648,13088888791,pfcqajc@live.com,云南路40号-10-6-790
邹伯康,男,黎族,792,-2147483648,13188888792,emtgs@yahoo.com.cn,微山湖街70号-10-2-792
晏珠苑,女,满族,793,-1107400763,13288888793,7858ily2@yahoo.com,微山湖街70号-10-2-792
须乐,男,珞巴族,794,-1742523277,15588888794,2wtsxs8@163.com,泰州三广场81号-5-1-794
羊琼,女,锡伯族,795,-2147483648,15688888795,5kpmp5@163.com,泰州三广场81号-5-1-794
蔺寒,女,彝族,796,-1597619393,13388888796,czcco@qq.com,广东广场109号-2-1-796
宣功,男,德昂族,797,-1788446673,15388888797,7e2hn74@aol.com,广东广场109号-2-1-796
左固生,男,鄂温克族,798,-2147483648,13488888798,su9o5sj@0355.net,台东六路64号-15-8-798
葛可莎,女,撒拉族,799,-2147483648,13588888799,hu6xqpw@0355.net,台东六路64号-15-8-798
侯琼瑞,女,哈萨克族,800,-1841628781,13688888800,15fmv@hotmail.com,文登广场61号-4-7-800
施世,男,拉祜族,801,-1031304964,13788888801,hezqyuy@gmail.com,文登广场61号-4-7-800
索香,女,苗族,802,-1946593684,13888888802,hx56a@263.net,花莲街119号-18-5-802
郭淑,女,苗族,803,-1802645417,13988888803,0m78b6ei@aol.com,花莲街119号-18-5-802
孙朗亨,男,德昂族,804,-1819387075,15088888804,o6m94p03@live.com,济南街133号-1-2-804
利琦薇,女,哈萨克族,805,-1823098544,15188888805,7nqflh5@sohu.com,济南街133号-1-2-804
惠姬,女,羌族,806,-2147483648,15288888806,hhq8zq@263.net,春城街72号-8-10-806
范德翔,男,俄罗斯族,807,-1380440924,15788888807,b79mx9p@163.net,春城街72号-8-10-806
冉雅,女,独龙族,808,-1656823452,15888888808,kndoluxt@163.com,姜沟路101号-1-2-808
叔美嘉,女,苗族,809,-1373016593,15988888809,y1irxj@126.com,姜沟路101号-1-2-808
毕凝美,女,土家族,810,-2147483648,13088888810,xb9mwdu@ask.com,澳门三路90号-19-1-810
后顺厚,男,满族,811,-1681378896,13188888811,a4x6lr@googlemail.com,澳门三路90号-19-1-810
饶娴,女,赫哲族,812,-1543488346,13288888812,szt2v9@163.com,春城街135号-4-8-812
谈勇龙,男,珞巴族,813,-1583720631,15588888813,pclio@msn.com,春城街135号-4-8-812
轩澜,女,塔吉克族,814,-1336630439,15688888814,wk03fc22@ask.com,宜兴大厦105号-19-5-814
东仪,女,水族,815,-1035794692,13388888815,hxqfeklt@sohu.com,宜兴大厦105号-19-5-814
祖义兴,男,佤族,816,-2096554111,15388888816,9gynx9ky@msn.com,茌平路84号-12-4-816
平咏,女,苗族,817,-2117282756,13488888817,pjcg7tof@yahoo.com,茌平路84号-12-4-816
金姣华,女,撒拉族,818,-1018805111,13588888818,vp7vzty@163.com,绍兴广场36号-2-10-818
庞美芝,女,东乡族,819,-2147483648,13688888819,pny56sc@263.net,绍兴广场36号-2-10-818
哈倩英,女,仡佬族,820,-2147483648,13788888820,63tzqcn@163.com,磁山路75号-20-7-820
桑菊,女,侗族,821,-2147483648,13888888821,aj9y8y@163.com,磁山路75号-20-7-820
印旭,男,塔吉克族,822,-2147483648,13988888822,mi2w9h@ask.com,赵红广场30号-17-5-822
宫全,男,瑶族,823,-1757103011,15088888823,ww3o1ars@msn.com,赵红广场30号-17-5-822
纪航,男,裕固族,824,-1491756172,15188888824,s1977m@0355.net,台西二街143号-3-9-824
上燕,女,珞巴族,825,-1965073292,15288888825,55e4br@yahoo.com.cn,台西二街143号-3-9-824
漆茜,女,朝鲜族,826,-2147483648,15788888826,5o6ka45@0355.net,大港纬二路54号-11-5-826
吉轮时,男,水族,827,-1241782479,15888888827,8l0o25n@0355.net,大港纬二路54号-11-5-826
童风树,男,黎族,828,-1649989345,15988888828,prv3unv@263.net,荷泽三大厦134号-6-3-828
司琴冰,女,羌族,829,-1480152883,13088888829,48kbubi9@263.net,荷泽三大厦134号-6-3-828
牟欢苑,女,怒族,830,-1574686785,13188888830,9d0qsc@ask.com,台西纬四街62号-10-3-830
阴朗裕,男,仫佬族,831,-1218574277,13288888831,vnk8p@googlemail.com,台西纬四街62号-10-3-830
正永平,男,拉祜族,832,-2118500856,15588888832,rlrtw0rp@gmail.com,澳门二路33号-17-9-832
曾先先,男,蒙古族,833,-1274185248,15688888833,24pxewa@live.com,澳门二路33号-17-9-832
熊振山,男,独龙族,834,-1812012309,13388888834,v468k@yahoo.com,中城路98号-1-8-834
叔锦,女,俄罗斯族,835,-2147483648,15388888835,n6t56s@gmail.com,中城路98号-1-8-834
牧伟,男,哈尼族,836,-1328692285,13488888836,vvmv8r7@263.net,珠海街95号-2-7-836
姚纨红,女,布朗族,837,-1532644308,13588888837,hl1q2kl@126.com,珠海街95号-2-7-836
浦柔巧,女,独龙族,838,-2147483648,13688888838,umf19@aol.com,雒口大厦91号-17-7-838
湛力明,男,东乡族,839,-2124424010,13788888839,qtj9e@yeah.net,雒口大厦91号-17-7-838
皇广德,男,塔塔尔族,840,-2147483648,13888888840,8kvg1k@qq.com,鄱阳湖大厦79号-10-4-840
乌园瑶,女,塔塔尔族,841,-2054672668,13988888841,hlhymeq@qq.com,鄱阳湖大厦79号-10-4-840
阳栋先,男,布朗族,842,-1793841542,15088888842,gewkcw@hotmail.com,港环路55号-14-8-842
崔康思,男,侗族,843,-2147483648,15188888843,o9vujz@ask.com,港环路55号-14-8-842
岑凝红,女,黎族,844,-2147483648,15288888844,rskf3ln@yeah.net,李村街109号-10-2-844
狐祥茂,男,回族,845,-1646719841,15788888845,rtfup@sohu.com,李村街109号-10-2-844
姓磊行,男,德昂族,846,-1339295499,15888888846,g3ijr@googlemail.com,利津路64号-11-9-846
颛仁,男,布朗族,847,-2147483648,15988888847,hwmuxyn@yeah.net,利津路64号-11-9-846
卞荣巧,女,保安族,848,-2147483648,13088888848,g1idy@yahoo.com,台东八广场131号-11-3-848
彭奇,男,傈僳族,849,-2074862371,13188888849,dortx9@qq.com,台东八广场131号-11-3-848
管婉,女,水族,850,-2147483648,13288888850,t46uwsrb@sohu.com,博兴路29号-2-8-850
公成松,男,东乡族,851,-1420277721,15588888851,jsvn5@live.com,博兴路29号-2-8-850
高伊洁,女,赫哲族,852,-2147483648,15688888852,iheu1dhh@msn.com,荷泽路125号-5-4-852
索栋士,男,布朗族,853,-2147483648,13388888853,2pc0wu@msn.com,荷泽路125号-5-4-852
乜安,男,羌族,854,-2147483648,15388888854,ur2ety@126.com,汇泉广场94号-14-7-854
尚纨娅,女,藏族,855,-2147483648,13488888855,03xwmh6@126.com,汇泉广场94号-14-7-854
薄佳,女,鄂温克族,856,-1021602193,13588888856,4iwyo05@3721.net,新泰大厦101号-19-5-856
花莺,女,乌孜别克族,857,-1931624266,13688888857,d3d2l9ae@263.net,新泰大厦101号-19-5-856
虞希,女,锡伯族,858,-991779845,13788888858,fmbubz@sina.com,古庙工业园37号-18-4-858
马振林,男,黎族,859,-1801751816,13888888859,xl4t9i@ask.com,古庙工业园37号-18-4-858
帅影,女,塔吉克族,860,-1934018430,13988888860,ixokhdda@sohu.com,泰山支路64号-2-4-860
滑婕娴,女,达斡尔族,861,-1901529463,15088888861,jxklq@hotmail.com,泰山支路64号-2-4-860
厉荷,女,俄罗斯族,862,-1799379471,15188888862,osmmd5ko@hotmail.com,锦城广场34号-20-3-862
茅航承,男,赫哲族,863,-2132784287,15288888863,yrecy6a7@0355.net,锦城广场34号-20-3-862
双咏,女,纳西族,864,-2147483648,15788888864,26fz97s@0355.net,昆明路126号-17-7-864
武波平,男,东乡族,865,-2014184829,15888888865,ckijmsl@qq.com,昆明路126号-17-7-864
元影彩,女,毛南族,866,-2119093435,15988888866,hjmmjh8u@msn.com,湛山路22号-15-4-866
邹谦,男,达斡尔族,867,-1670067033,13088888867,st3eib4q@live.com,湛山路22号-15-4-866
皇时民,男,毛南族,868,-2088669677,13188888868,96yfcm@163.net,郭口东街141号-10-7-868
后清,男,哈萨克族,869,-976562315,13288888869,4dfp13@ask.com,郭口东街141号-10-7-868
储发家,男,瑶族,870,-1008454308,15588888870,567mx1@3721.net,章丘路150号-11-9-870
芮琦,女,门巴族,871,-1468245999,15688888871,bbch9l@sohu.com,章丘路150号-11-9-870
柯艺凡,女,景颇族,872,-2147483648,13388888872,z3b8rw8@msn.com,瞿塘峡街99号-10-10-872
父承,男,布朗族,873,-2147483648,15388888873,y6l7x1g@live.com,瞿塘峡街99号-10-10-872
劳凤,女,乌孜别克族,874,-1229489836,13488888874,93f32@hotmail.com,台南路45号-4-4-874
仲诚伯,男,侗族,875,-1112973720,13588888875,l042edtx@yahoo.com,台南路45号-4-4-874
闻婕,女,哈萨克族,876,-1482651371,13688888876,jysi3@yahoo.com,仙游路57号-10-9-876
戴勤佳,女,京族,877,-2147483648,13788888877,wdhsxh@googlemail.com,仙游路57号-10-9-876
羊发,男,鄂温克族,878,-2030436982,13888888878,uqcxj@0355.net,市场二大厦101号-6-7-878
甘艳伊,女,俄罗斯族,879,-2147483648,13988888879,by1ue@msn.com,市场二大厦101号-6-7-878
舌承维,男,裕固族,880,-1605202943,15088888880,jdd8m62@qq.com,徐州大厦22号-20-10-880
师子,男,东乡族,881,-2147483648,15188888881,p5j7lbk@ask.com,徐州大厦22号-20-10-880
宦勇豪,男,毛南族,882,-1586789660,15288888882,4ouil8o@yeah.net,广东广场22号-9-10-882
胥顺,男,门巴族,883,-1967364554,15788888883,mr432ccz@aol.com,广东广场22号-9-10-882
微惠环,女,傈僳族,884,-1775986592,15888888884,f9hcew@sina.com,青铜峡路149号-18-6-884
彭伯,男,蒙古族,885,-2037348556,15988888885,r8mewxbx@qq.com,青铜峡路149号-18-6-884
师琦婷,女,蒙古族,886,-1104578445,13088888886,ojeuz@googlemail.com,莱芜二路46号-9-1-886
汤家,男,藏族,887,-2147483648,13188888887,nwwh7k1t@yahoo.com,莱芜二路46号-9-1-886
仉士琛,男,毛南族,888,-1462920702,13288888888,7soc6dpk@gmail.com,高密路89号-19-10-888
林婵蓓,女,傣族,889,-1880802773,15588888889,89cm6see@yeah.net,高密路89号-19-10-888
金斌飞,男,汉族,890,-2147483648,15688888890,btf7yhen@126.com,云霄大厦107号-8-9-890
于明,男,柯尔克孜族,891,-2147483648,13388888891,ksoqmk@aol.com,云霄大厦107号-8-9-890
龚裕,男,藏族,892,-1366412616,15388888892,5klhf@hotmail.com,瑞云街36号-14-7-892
隗莎,女,哈萨克族,893,-1690707313,13488888893,h5g7valv@yahoo.com,瑞云街36号-14-7-892
禹飘雪,女,拉祜族,894,-1872567335,13588888894,9t6yo5fv@yeah.net,蒲台大厦121号-7-1-894
阙胜,男,羌族,895,-1248536266,13688888895,y4bda0t@yahoo.com.cn,蒲台大厦121号-7-1-894
乐坚,男,裕固族,896,-2078575865,13788888896,t10bqr13@msn.com,南口广场103号-18-7-896
雷河,男,藏族,897,-2130542862,13888888897,3jpccz@0355.net,南口广场103号-18-7-896
朱坚,男,德昂族,898,-1579057445,13988888898,xsha5o0@hotmail.com,荷泽二街68号-5-8-898
籍娣,女,东乡族,899,-2147483648,15088888899,dj9i3m@3721.net,荷泽二街68号-5-8-898
尚言,男,达斡尔族,900,-1345792698,15188888900,xa7m8z@126.com,四平支路134号-20-5-900
邹馥,女,基诺族,901,-1266394907,15288888901,r9wwe5sh@ask.com,四平支路134号-20-5-900
葛广冠,男,蒙古族,902,-1067479134,15788888902,5co0m0j@3721.net,新竹路69号-8-9-902
巢馨,女,德昂族,903,-1476569376,15888888903,xxd7h5h0@ask.com,新竹路69号-8-9-902
霍俊,男,高山族,904,-2147483648,15988888904,hrci9mth@yahoo.com.cn,德阳路143号-11-6-904
桂蓓,女,蒙古族,905,-2147483648,13088888905,utpjkk@gmail.com,德阳路143号-11-6-904
卞平,男,德昂族,906,-1344700277,13188888906,dueahp@yahoo.com.cn,寿光广场34号-6-3-906
晁致鸣,男,京族,907,-1178427364,13288888907,mcrs3d@163.com,寿光广场34号-6-3-906
李爽,女,土族,908,-2147483648,15588888908,2qqs5@263.net,太平角五路21号-17-2-908
宋融可,女,基诺族,909,-2147483648,15688888909,neutp7@yahoo.com.cn,太平角五路21号-17-2-908
昌玉,女,朝鲜族,910,-1666398172,13388888910,zv6db4@3721.net,保定街80号-18-4-910
巢琬英,女,仡佬族,911,-1563082327,15388888911,wjmw76jk@googlemail.com,保定街80号-18-4-910
栾成,男,水族,912,-2147483648,13488888912,ae8mu67@263.net,菜市一街103号-6-2-912
昌澜,女,鄂伦春族,913,-2147483648,13588888913,40jue@0355.net,菜市一街103号-6-2-912
茅辉震,男,布朗族,914,-1821581442,13688888914,9xn6n1d@googlemail.com,徐家麦岛函谷关广场88号-13-9-914
苍萍,女,侗族,915,-1003072749,13788888915,ql2lb@163.com,徐家麦岛函谷关广场88号-13-9-914
隆哲,男,朝鲜族,916,-1363605012,13888888916,mov6g6sz@163.com,屏东支路40号-16-6-916
郁榕信,男,塔吉克族,917,-2147483648,13988888917,fc1ji1@sohu.com,屏东支路40号-16-6-916
毋雄,男,维吾尔族,918,-2147483648,15088888918,4uzcn@163.com,延安二广场90号-14-3-918
离丹梅,女,哈萨克族,919,-2147483648,15188888919,9y2fxa@sina.com,延安二广场90号-14-3-918
裴欣,女,蒙古族,920,-2147483648,15288888920,yv937j@live.com,朝城路103号-6-6-920
舌毓,女,哈萨克族,921,-2147483648,15788888921,ue0pv0l@gmail.com,朝城路103号-6-6-920
方娥,女,布朗族,922,-2147483648,15888888922,vgrlc3b@hotmail.com,秋阳路29号-7-8-922
尤祥,男,畲族,923,-1843492282,15988888923,d6c0eml4@aol.com,秋阳路29号-7-8-922
东妹,女,东乡族,924,-1941745381,13088888924,mi96xs11@3721.net,无棣一路44号-20-6-924
孙妍,女,土家族,925,-2147483648,13188888925,5gcx6w@163.com,无棣一路44号-20-6-924
蒲安弘,男,土家族,926,-1104768437,13288888926,4rfys9@hotmail.com,姜沟路85号-18-6-926
寿朋超,男,鄂温克族,927,-1396584455,15588888927,3nh7p@263.net,姜沟路85号-18-6-926
张致,男,乌孜别克族,928,-1136132309,15688888928,gekrr@163.net,滨县广场47号-4-7-928
谷刚,男,乌孜别克族,929,-997522764,13388888929,8q3oma@0355.net,滨县广场47号-4-7-928
葛裕,男,保安族,930,-2147483648,15388888930,r11zpyj@163.net,甘肃广场11号-7-3-930
于梅,女,布朗族,931,-1499205400,13488888931,ushxjiv3@msn.com,甘肃广场11号-7-3-930
酆之,男,乌孜别克族,932,-2026288631,13588888932,2002u@sohu.com,观象二路22号-11-2-932
海羽,女,黎族,933,-1586685292,13688888933,05n1e@gmail.com,观象二路22号-11-2-932
勾仁,男,水族,934,-1065948457,13788888934,nhldail@3721.net,三明南路86号-7-9-934
花海,男,壮族,935,-2010172663,13888888935,xg3h8@ask.com,三明南路86号-7-9-934
都发维,男,黎族,936,-2147483648,13988888936,7tya336d@aol.com,旌德路126号-15-2-936
亢舒贞,女,撒拉族,937,-1921158089,15088888937,g970zje@aol.com,旌德路126号-15-2-936
孙爽,女,哈萨克族,938,-1342405907,15188888938,60urjyuu@gmail.com,长安南路107号-19-8-938
尚娅莺,女,朝鲜族,939,-1041775152,15288888939,rp1vv@live.com,长安南路107号-19-8-938
薄梁,男,俄罗斯族,940,-1493246471,15788888940,sdg02w5f@msn.com,无棣一路128号-9-1-940
言芬珊,女,京族,941,-1786649232,15888888941,muuh22wh@hotmail.com,无棣一路128号-9-1-940
全海,男,畲族,942,-1032223328,15988888942,6tu5y2@gmail.com,西陵峡一大厦30号-7-1-942
马芬荣,女,布朗族,943,-1675235627,13088888943,bpbbu2v@263.net,西陵峡一大厦30号-7-1-942
蓬婵纯,女,独龙族,944,-1076606513,13188888944,3znex0@yahoo.com.cn,台东六路19号-16-3-944
甄伦,男,藏族,945,-1976681411,13288888945,x1lot0@live.com,台东六路19号-16-3-944
竺顺海,男,哈尼族,946,-1753953585,15588888946,c89nj9jj@yahoo.com,丹东街102号-9-1-946
乌梦,女,京族,947,-1813754795,15688888947,hj89rwa@3721.net,丹东街102号-9-1-946
汤嘉颖,女,羌族,948,-1238564714,13388888948,4hb7mtbd@gmail.com,小港二街100号-20-4-948
臧福,男,傣族,949,-1612486920,15388888949,eujv9ey@yahoo.com,小港二街100号-20-4-948
费丽菊,女,佤族,950,-2147483648,13488888950,jwgl3s5w@msn.com,兴安大厦52号-11-1-950
蔚英,女,撒拉族,951,-2147483648,13588888951,vf8hi@gmail.com,兴安大厦52号-11-1-950
杭元飞,男,京族,952,-1207625965,13688888952,0nlot446@163.net,渤海街118号-1-2-952
丘达冠,男,羌族,953,-2069911464,13788888953,wwjkt4@yahoo.com,渤海街118号-1-2-952
简霭蓓,女,傈僳族,954,-1016379144,13888888954,m60gmn@msn.com,芙蓉山村139号-3-1-954
万进士,男,汉族,955,-2147483648,13988888955,4s1id2@sina.com,芙蓉山村139号-3-1-954
富梦,女,撒拉族,956,-1896064766,15088888956,oteqjh@263.net,潍县广场148号-20-6-956
璩斌,男,土家族,957,-951352708,15188888957,jnqmqzx@0355.net,潍县广场148号-20-6-956
璩彪松,男,裕固族,958,-1712115227,15288888958,c01sxlh@gmail.com,澳门五路147号-13-7-958
靳姣勤,女,布依族,959,-948504311,15788888959,124hn9@163.com,澳门五路147号-13-7-958
诸秀,女,彝族,960,-2147483648,15888888960,4dipj2r@qq.com,香港西大厦124号-3-3-960
姬婉瑶,女,黎族,961,-2070960782,15988888961,lw1bq67v@sina.com,香港西大厦124号-3-3-960
郭进,男,佤族,962,-2147483648,13088888962,aii96q6w@ask.com,邱县路148号-7-2-962
颜之胜,男,回族,963,-2147483648,13188888963,b1vex46o@0355.net,邱县路148号-7-2-962
丘翔东,男,哈萨克族,964,-2147483648,13288888964,h1s8ew06@sina.com,台南路120号-7-7-964
吉静纯,女,赫哲族,965,-981925690,15588888965,uuwea@3721.net,台南路120号-7-7-964
云绍,男,朝鲜族,966,-1466943517,15688888966,h43a6@live.com,珠海一广场16号-14-10-966
戚龙龙,男,畲族,967,-2147483648,13388888967,upsgq@3721.net,珠海一广场16号-14-10-966
逯善朋,男,白族,968,-1576530562,15388888968,ta99hzmj@live.com,澳门三路43号-14-8-968
丘秋,女,裕固族,969,-1360221593,13488888969,2f0fuio@yahoo.com.cn,澳门三路43号-14-8-968
秦清才,男,赫哲族,970,-2147483648,13588888970,2xdbo@gmail.com,高唐街80号-1-6-970
仉瑶,女,傣族,971,-2147483648,13688888971,kbk8f0@googlemail.com,高唐街80号-1-6-970
解信康,男,蒙古族,972,-971457929,13788888972,8mnry@ask.com,龙泉路101号-18-10-972
淳政,男,东乡族,973,-2147483648,13888888973,ast7bf48@aol.com,龙泉路101号-18-10-972
丘福,男,保安族,974,-2147483648,13988888974,84min@yahoo.com,观海二广场56号-13-4-974
益鸣,男,德昂族,975,-1913551998,15088888975,5hvdnts@163.com,观海二广场56号-13-4-974
文善树,男,苗族,976,-1554886454,15188888976,mkapdo@msn.com,惠民南路11号-20-3-976
齐枝云,女,彝族,977,-2147483648,15288888977,nr6zf@aol.com,惠民南路11号-20-3-976
裴馨,女,京族,978,-1178629733,15788888978,mgugq9ml@163.com,南口广场79号-19-1-978
蒯浩翰,男,毛南族,979,-2147483648,15888888979,nlqpqga@msn.com,南口广场79号-19-1-978
施娥姬,女,阿昌族,980,-2147483648,15988888980,vsslt1@qq.com,湛山三路14号-8-8-980
暴婕,女,傈僳族,981,-1978949567,13088888981,95tp0i@163.com,湛山三路14号-8-8-980
禹凡,女,达斡尔族,982,-2137889226,13188888982,9z4j6km5@3721.net,桓台路115号-4-3-982
巫有,男,布朗族,983,-1585455674,13288888983,694rq@yahoo.com.cn,桓台路115号-4-3-982
聂婷,女,京族,984,-2064140889,15588888984,dz039p@aol.com,大尧一广场21号-1-6-984
昌德,男,裕固族,985,-1847003127,15688888985,49vdpa@sohu.com,大尧一广场21号-1-6-984
公馨,女,俄罗斯族,986,-2147483648,13388888986,wvip6o@sina.com,华城路85号-6-8-986
栾辉,男,独龙族,987,-2147483648,15388888987,0lw2r@googlemail.com,华城路85号-6-8-986
花真馥,女,珞巴族,988,-1686491040,13488888988,1yfee@sina.com,珠海二街77号-10-7-988
台瑗芝,女,俄罗斯族,989,-1289358743,13588888989,df816six@msn.com,珠海二街77号-10-7-988
戚眉,女,侗族,990,-2147483648,13688888990,wd6sf0xw@hotmail.com,花莲街57号-19-8-990
勾爱云,女,朝鲜族,991,-1602759520,13788888991,aqdqfcdz@yahoo.com,花莲街57号-19-8-990
陈晓,女,维吾尔族,992,-2105048940,13888888992,oq9yh@qq.com,河北大厦38号-5-3-992
申菲,女,怒族,993,-2147483648,13988888993,atjy6ed@126.com,河北大厦38号-5-3-992
祖君,女,撒拉族,994,-2147483648,15088888994,e65c7g2@sohu.com,团岛二路106号-17-9-994
苗克江,男,傈僳族,995,-2147483648,15188888995,77wug@gmail.com,团岛二路106号-17-9-994
鞠仁元,男,京族,996,-2144327191,15288888996,13sr50e@gmail.com,陵县大厦67号-1-8-996
蔺善广,男,裕固族,997,-1894776770,15788888997,3deas@googlemail.com,陵县大厦67号-1-8-996
盖心,男,水族,998,-2147483648,15888888998,i6vjb5@sina.com,大名路131号-4-2-998
司伦,男,维吾尔族,999,-1122745729,15988888999,aijjw@yeah.net,大名路131号-4-2-998
