开户行,开户人身份证,卡号,开户日期
招商银行,0,0000001,1464489938
招商银行,1,00000011,1401706616
招商银行,2,00000021,1411928615
招商银行,3,00000031,1493834695
招商银行,3,00000032,1478108363
招商银行,4,00000041,1487998294
招商银行,4,00000042,1478440379
招商银行,5,00000051,1452603817
招商银行,5,00000052,1412647895
招商银行,6,00000061,1434072693
招商银行,6,00000062,1444859874
招商银行,6,00000063,1426894008
招商银行,7,00000071,1446356885
招商银行,7,00000072,1440119697
招商银行,7,00000073,1449827890
招商银行,8,00000081,1490222802
招商银行,8,00000082,1425460407
招商银行,8,00000083,1459529567
招商银行,9,00000091,1417002242
招商银行,9,00000092,1451548855
招商银行,9,00000093,1470550599
招商银行,9,00000094,1416351167
招商银行,10,000000101,1413117877
招商银行,11,000000111,1444553052
招商银行,12,000000121,1457640458
招商银行,13,000000131,1475055401
招商银行,13,000000132,1486085775
招商银行,14,000000141,1443475133
招商银行,14,000000142,1402567006
招商银行,15,000000151,1409977294
招商银行,15,000000152,1400999488
招商银行,16,000000161,1412545805
招商银行,16,000000162,1458763721
招商银行,16,000000163,1431558746
招商银行,17,000000171,1473006841
招商银行,17,000000172,1467549636
招商银行,17,000000173,1468922617
招商银行,18,000000181,1403754749
招商银行,18,000000182,1450784134
招商银行,18,000000183,1472218665
招商银行,19,000000191,1401957755
招商银行,19,000000192,1466538056
招商银行,19,000000193,1422418563
招商银行,19,000000194,1461602431
招商银行,20,000000201,1488471834
招商银行,21,000000211,1417907198
招商银行,22,000000221,1449763347
招商银行,23,000000231,1404332747
招商银行,23,000000232,1458816003
招商银行,24,000000241,1481036163
招商银行,24,000000242,1475293465
招商银行,25,000000251,1483300776
招商银行,25,000000252,1429999996
招商银行,26,000000261,1466709745
招商银行,26,000000262,1406855813
招商银行,26,000000263,1401784942
招商银行,27,000000271,1456892010
招商银行,27,000000272,1432462930
招商银行,27,000000273,1420032017
招商银行,28,000000281,1479626845
招商银行,28,000000282,1455844438
招商银行,28,000000283,1464822009
招商银行,29,000000291,1407237039
招商银行,29,000000292,1489862443
招商银行,29,000000293,1459186364
招商银行,29,000000294,1473592267
招商银行,30,000000301,1445242967
招商银行,31,000000311,1481449317
招商银行,32,000000321,1434075501
招商银行,33,000000331,1442979912
招商银行,33,000000332,1427323818
招商银行,34,000000341,1481923825
招商银行,34,000000342,1474802864
招商银行,35,000000351,1403357672
招商银行,35,000000352,1454907408
招商银行,36,000000361,1485582585
招商银行,36,000000362,1433000816
招商银行,36,000000363,1489272659
招商银行,37,000000371,1469992388
招商银行,37,000000372,1418976864
招商银行,37,000000373,1470178544
招商银行,38,000000381,1446692653
招商银行,38,000000382,1480406923
招商银行,38,000000383,1474984003
招商银行,39,000000391,1442716583
招商银行,39,000000392,1430408144
招商银行,39,000000393,1400313387
招商银行,39,000000394,1410991075
招商银行,40,000000401,1423670561
招商银行,41,000000411,1467083058
招商银行,42,000000421,1494234036
招商银行,43,000000431,1403064184
招商银行,43,000000432,1415631968
招商银行,44,000000441,1401757845
招商银行,44,000000442,1419208374
招商银行,45,000000451,1434284039
招商银行,45,000000452,1460699133
招商银行,46,000000461,1444590528
招商银行,46,000000462,1456764979
招商银行,46,000000463,1438483337
招商银行,47,000000471,1436354920
招商银行,47,000000472,1460482550
招商银行,47,000000473,1439016903
招商银行,48,000000481,1487324024
招商银行,48,000000482,1408908380
招商银行,48,000000483,1491637722
招商银行,49,000000491,1473086445
招商银行,49,000000492,1432644326
招商银行,49,000000493,1492931075
招商银行,49,000000494,1436273428
招商银行,50,000000501,1400803497
招商银行,51,000000511,1406759819
招商银行,52,000000521,1440443813
招商银行,53,000000531,1483043703
招商银行,53,000000532,1455086539
招商银行,54,000000541,1444652789
招商银行,54,000000542,1438946424
招商银行,55,000000551,1437826708
招商银行,55,000000552,1434210759
招商银行,56,000000561,1407112969
招商银行,56,000000562,1451589430
招商银行,56,000000563,1433406584
招商银行,57,000000571,1467789152
招商银行,57,000000572,1412383596
招商银行,57,000000573,1457602531
招商银行,58,000000581,1490399848
招商银行,58,000000582,1427029479
招商银行,58,000000583,1425171978
招商银行,59,000000591,1482754718
招商银行,59,000000592,1429661640
招商银行,59,000000593,1447299135
招商银行,59,000000594,1404882340
招商银行,60,000000601,1414943869
招商银行,61,000000611,1419216661
招商银行,62,000000621,1475694959
招商银行,63,000000631,1432559419
招商银行,63,000000632,1459507722
招商银行,64,000000641,1415854648
招商银行,64,000000642,1429555273
招商银行,65,000000651,1404818404
招商银行,65,000000652,1442885804
招商银行,66,000000661,1420943986
招商银行,66,000000662,1424975456
招商银行,66,000000663,1400916689
招商银行,67,000000671,1440290347
招商银行,67,000000672,1438004328
招商银行,67,000000673,1484331267
招商银行,68,000000681,1441002131
招商银行,68,000000682,1488771646
招商银行,68,000000683,1446995772
招商银行,69,000000691,1413016483
招商银行,69,000000692,1492045211
招商银行,69,000000693,1482367700
招商银行,69,000000694,1493201297
招商银行,70,000000701,1483290480
招商银行,71,000000711,1477728351
招商银行,72,000000721,1463894672
招商银行,73,000000731,1432753175
招商银行,73,000000732,1489930270
招商银行,74,000000741,1484071278
招商银行,74,000000742,1410662653
招商银行,75,000000751,1463255771
招商银行,75,000000752,1491203766
招商银行,76,000000761,1416429350
招商银行,76,000000762,1401981089
招商银行,76,000000763,1472529474
招商银行,77,000000771,1473055716
招商银行,77,000000772,1485489913
招商银行,77,000000773,1467081456
招商银行,78,000000781,1416020659
招商银行,78,000000782,1421358028
招商银行,78,000000783,1412690227
招商银行,79,000000791,1410394392
招商银行,79,000000792,1485492342
招商银行,79,000000793,1477744298
招商银行,79,000000794,1440768605
招商银行,80,000000801,1427772853
招商银行,81,000000811,1487901780
招商银行,82,000000821,1463648336
招商银行,83,000000831,1426274463
招商银行,83,000000832,1407366994
招商银行,84,000000841,1429718835
招商银行,84,000000842,1481439851
招商银行,85,000000851,1428395344
招商银行,85,000000852,1473979014
招商银行,86,000000861,1438377259
招商银行,86,000000862,1487464074
招商银行,86,000000863,1481443046
招商银行,87,000000871,1433359984
招商银行,87,000000872,1411363272
招商银行,87,000000873,1443552002
招商银行,88,000000881,1490281029
招商银行,88,000000882,1425441292
招商银行,88,000000883,1424083289
招商银行,89,000000891,1422772727
招商银行,89,000000892,1461172438
招商银行,89,000000893,1476815336
招商银行,89,000000894,1473645826
招商银行,90,000000901,1420886712
招商银行,91,000000911,1456929862
招商银行,92,000000921,1459215610
招商银行,93,000000931,1436867069
招商银行,93,000000932,1483484324
招商银行,94,000000941,1424061435
招商银行,94,000000942,1465133244
招商银行,95,000000951,1467617225
招商银行,95,000000952,1480650861
招商银行,96,000000961,1412497606
招商银行,96,000000962,1456635302
招商银行,96,000000963,1477903771
招商银行,97,000000971,1437797666
招商银行,97,000000972,1412963997
招商银行,97,000000973,1435355185
招商银行,98,000000981,1467653081
招商银行,98,000000982,1473280367
招商银行,98,000000983,1408742636
招商银行,99,000000991,1427352903
招商银行,99,000000992,1405330159
招商银行,99,000000993,1487947917
招商银行,99,000000994,1423679562
招商银行,100,0000001001,1436321556
招商银行,101,0000001011,1431764715
招商银行,102,0000001021,1450211383
招商银行,103,0000001031,1466158721
招商银行,103,0000001032,1490084481
招商银行,104,0000001041,1471029205
招商银行,104,0000001042,1492406091
招商银行,105,0000001051,1432535507
招商银行,105,0000001052,1466065915
招商银行,106,0000001061,1461102154
招商银行,106,0000001062,1453396586
招商银行,106,0000001063,1400378850
招商银行,107,0000001071,1420306236
招商银行,107,0000001072,1466719555
招商银行,107,0000001073,1483553512
招商银行,108,0000001081,1483467669
招商银行,108,0000001082,1491442517
招商银行,108,0000001083,1414282171
招商银行,109,0000001091,1433620673
招商银行,109,0000001092,1475097277
招商银行,109,0000001093,1464464527
招商银行,109,0000001094,1488267828
招商银行,110,0000001101,1438759093
招商银行,111,0000001111,1443888081
招商银行,112,0000001121,1421688954
招商银行,113,0000001131,1476236417
招商银行,113,0000001132,1463801256
招商银行,114,0000001141,1428878094
招商银行,114,0000001142,1468889948
招商银行,115,0000001151,1445967577
招商银行,115,0000001152,1400467842
招商银行,116,0000001161,1437945590
招商银行,116,0000001162,1444303062
招商银行,116,0000001163,1412330455
招商银行,117,0000001171,1488853665
招商银行,117,0000001172,1453068906
招商银行,117,0000001173,1480632055
招商银行,118,0000001181,1401989487
招商银行,118,0000001182,1445324765
招商银行,118,0000001183,1456066199
招商银行,119,0000001191,1436363985
招商银行,119,0000001192,1468857700
招商银行,119,0000001193,1494534919
招商银行,119,0000001194,1431144946
招商银行,120,0000001201,1488009087
招商银行,121,0000001211,1433364769
招商银行,122,0000001221,1433595296
招商银行,123,0000001231,1483120015
招商银行,123,0000001232,1447657599
招商银行,124,0000001241,1423834983
招商银行,124,0000001242,1404507167
招商银行,125,0000001251,1406472621
招商银行,125,0000001252,1416027434
招商银行,126,0000001261,1480515366
招商银行,126,0000001262,1446950306
招商银行,126,0000001263,1470698902
招商银行,127,0000001271,1490078887
招商银行,127,0000001272,1446214925
招商银行,127,0000001273,1424349136
招商银行,128,0000001281,1409021560
招商银行,128,0000001282,1481994162
招商银行,128,0000001283,1484411621
招商银行,129,0000001291,1429309301
招商银行,129,0000001292,1417073473
招商银行,129,0000001293,1438450588
招商银行,129,0000001294,1470176254
招商银行,130,0000001301,1427014591
招商银行,131,0000001311,1490807873
招商银行,132,0000001321,1476293401
招商银行,133,0000001331,1420877958
招商银行,133,0000001332,1449460502
招商银行,134,0000001341,1427986795
招商银行,134,0000001342,1451483679
招商银行,135,0000001351,1403453955
招商银行,135,0000001352,1458005055
招商银行,136,0000001361,1443609806
招商银行,136,0000001362,1488521089
招商银行,136,0000001363,1438639999
招商银行,137,0000001371,1405833705
招商银行,137,0000001372,1463006405
招商银行,137,0000001373,1427661460
招商银行,138,0000001381,1404573653
招商银行,138,0000001382,1477555779
招商银行,138,0000001383,1486961834
招商银行,139,0000001391,1467549400
招商银行,139,0000001392,1432497505
招商银行,139,0000001393,1429438280
招商银行,139,0000001394,1437609386
招商银行,140,0000001401,1477938933
招商银行,141,0000001411,1433554374
招商银行,142,0000001421,1493531747
招商银行,143,0000001431,1413405576
招商银行,143,0000001432,1425047191
招商银行,144,0000001441,1444484230
招商银行,144,0000001442,1412367314
招商银行,145,0000001451,1462059597
招商银行,145,0000001452,1481118663
招商银行,146,0000001461,1418756169
招商银行,146,0000001462,1406139203
招商银行,146,0000001463,1415620348
招商银行,147,0000001471,1423253303
招商银行,147,0000001472,1488280198
招商银行,147,0000001473,1406864076
招商银行,148,0000001481,1402553757
招商银行,148,0000001482,1466396159
招商银行,148,0000001483,1431043101
招商银行,149,0000001491,1463178771
招商银行,149,0000001492,1440179114
招商银行,149,0000001493,1406785636
招商银行,149,0000001494,1454068399
招商银行,150,0000001501,1431013588
招商银行,151,0000001511,1445458202
招商银行,152,0000001521,1487974430
招商银行,153,0000001531,1475524523
招商银行,153,0000001532,1487733934
招商银行,154,0000001541,1428382723
招商银行,154,0000001542,1487743561
招商银行,155,0000001551,1422708660
招商银行,155,0000001552,1467500712
招商银行,156,0000001561,1494149416
招商银行,156,0000001562,1467079394
招商银行,156,0000001563,1434425425
招商银行,157,0000001571,1435835596
招商银行,157,0000001572,1480191473
招商银行,157,0000001573,1428242315
招商银行,158,0000001581,1449269675
招商银行,158,0000001582,1430376596
招商银行,158,0000001583,1427513217
招商银行,159,0000001591,1409427575
招商银行,159,0000001592,1404960490
招商银行,159,0000001593,1470010362
招商银行,159,0000001594,1411097481
招商银行,160,0000001601,1418579365
招商银行,161,0000001611,1480133268
招商银行,162,0000001621,1409363904
招商银行,163,0000001631,1487580461
招商银行,163,0000001632,1461287451
招商银行,164,0000001641,1427022685
招商银行,164,0000001642,1440396336
招商银行,165,0000001651,1471128295
招商银行,165,0000001652,1459186281
招商银行,166,0000001661,1436869427
招商银行,166,0000001662,1434861626
招商银行,166,0000001663,1455713498
招商银行,167,0000001671,1439549508
招商银行,167,0000001672,1478927718
招商银行,167,0000001673,1493355599
招商银行,168,0000001681,1408247499
招商银行,168,0000001682,1411160502
招商银行,168,0000001683,1488206018
招商银行,169,0000001691,1479270602
招商银行,169,0000001692,1439678270
招商银行,169,0000001693,1435149998
招商银行,169,0000001694,1442133243
招商银行,170,0000001701,1442258058
招商银行,171,0000001711,1455748753
招商银行,172,0000001721,1453492528
招商银行,173,0000001731,1406704872
招商银行,173,0000001732,1486697972
招商银行,174,0000001741,1442406090
招商银行,174,0000001742,1415972283
招商银行,175,0000001751,1400778568
招商银行,175,0000001752,1436936165
招商银行,176,0000001761,1404577367
招商银行,176,0000001762,1493548000
招商银行,176,0000001763,1490404558
招商银行,177,0000001771,1428498163
招商银行,177,0000001772,1471262685
招商银行,177,0000001773,1490739819
招商银行,178,0000001781,1411640919
招商银行,178,0000001782,1493404891
招商银行,178,0000001783,1492333491
招商银行,179,0000001791,1416051286
招商银行,179,0000001792,1479658754
招商银行,179,0000001793,1415754899
招商银行,179,0000001794,1407498943
招商银行,180,0000001801,1478795295
招商银行,181,0000001811,1407232873
招商银行,182,0000001821,1420377684
招商银行,183,0000001831,1492786432
招商银行,183,0000001832,1443690880
招商银行,184,0000001841,1448205091
招商银行,184,0000001842,1453488389
招商银行,185,0000001851,1445340857
招商银行,185,0000001852,1413792970
招商银行,186,0000001861,1400584052
招商银行,186,0000001862,1418696421
招商银行,186,0000001863,1408651332
招商银行,187,0000001871,1454099041
招商银行,187,0000001872,1413005794
招商银行,187,0000001873,1472198943
招商银行,188,0000001881,1472231795
招商银行,188,0000001882,1441855763
招商银行,188,0000001883,1410228544
招商银行,189,0000001891,1406678674
招商银行,189,0000001892,1475860772
招商银行,189,0000001893,1438424047
招商银行,189,0000001894,1418828663
招商银行,190,0000001901,1474871535
招商银行,191,0000001911,1418738047
招商银行,192,0000001921,1422569618
招商银行,193,0000001931,1460563294
招商银行,193,0000001932,1478375155
招商银行,194,0000001941,1421966259
招商银行,194,0000001942,1404837905
招商银行,195,0000001951,1467371761
招商银行,195,0000001952,1467209391
招商银行,196,0000001961,1452245395
招商银行,196,0000001962,1458329821
招商银行,196,0000001963,1446335801
招商银行,197,0000001971,1432194176
招商银行,197,0000001972,1439094615
招商银行,197,0000001973,1406185881
招商银行,198,0000001981,1458872623
招商银行,198,0000001982,1452425432
招商银行,198,0000001983,1406307771
招商银行,199,0000001991,1447382172
招商银行,199,0000001992,1404763982
招商银行,199,0000001993,1445894534
招商银行,199,0000001994,1445597288
招商银行,200,0000002001,1466127789
招商银行,201,0000002011,1413376430
招商银行,202,0000002021,1433257523
招商银行,203,0000002031,1445797062
招商银行,203,0000002032,1436585157
招商银行,204,0000002041,1492115012
招商银行,204,0000002042,1405689638
招商银行,205,0000002051,1411477190
招商银行,205,0000002052,1436201198
招商银行,206,0000002061,1435804271
招商银行,206,0000002062,1421287344
招商银行,206,0000002063,1406261721
招商银行,207,0000002071,1481918444
招商银行,207,0000002072,1464499537
招商银行,207,0000002073,1468491375
招商银行,208,0000002081,1431576302
招商银行,208,0000002082,1492039392
招商银行,208,0000002083,1455809974
招商银行,209,0000002091,1465343868
招商银行,209,0000002092,1437945781
招商银行,209,0000002093,1475946594
招商银行,209,0000002094,1444578047
招商银行,210,0000002101,1452574683
招商银行,211,0000002111,1470941315
招商银行,212,0000002121,1407555141
招商银行,213,0000002131,1485429737
招商银行,213,0000002132,1460986765
招商银行,214,0000002141,1429037630
招商银行,214,0000002142,1475648704
招商银行,215,0000002151,1462273128
招商银行,215,0000002152,1401802962
招商银行,216,0000002161,1456997710
招商银行,216,0000002162,1412032821
招商银行,216,0000002163,1489956809
招商银行,217,0000002171,1482815005
招商银行,217,0000002172,1423556671
招商银行,217,0000002173,1483776278
招商银行,218,0000002181,1440857064
招商银行,218,0000002182,1472178082
招商银行,218,0000002183,1477047086
招商银行,219,0000002191,1423666763
招商银行,219,0000002192,1405774090
招商银行,219,0000002193,1493196184
招商银行,219,0000002194,1459869084
招商银行,220,0000002201,1457077143
招商银行,221,0000002211,1422248865
招商银行,222,0000002221,1400992421
招商银行,223,0000002231,1421162510
招商银行,223,0000002232,1406374586
招商银行,224,0000002241,1466989014
招商银行,224,0000002242,1458940042
招商银行,225,0000002251,1405680731
招商银行,225,0000002252,1467870561
招商银行,226,0000002261,1451610854
招商银行,226,0000002262,1404752467
招商银行,226,0000002263,1488329904
招商银行,227,0000002271,1470716365
招商银行,227,0000002272,1491423488
招商银行,227,0000002273,1411311320
招商银行,228,0000002281,1424938106
招商银行,228,0000002282,1473069478
招商银行,228,0000002283,1455076818
招商银行,229,0000002291,1468241620
招商银行,229,0000002292,1470805167
招商银行,229,0000002293,1409874489
招商银行,229,0000002294,1450294929
招商银行,230,0000002301,1475476996
招商银行,231,0000002311,1483511622
招商银行,232,0000002321,1437197296
招商银行,233,0000002331,1473657864
招商银行,233,0000002332,1487936962
招商银行,234,0000002341,1467170981
招商银行,234,0000002342,1423946972
招商银行,235,0000002351,1456884729
招商银行,235,0000002352,1442569487
招商银行,236,0000002361,1434027465
招商银行,236,0000002362,1434840542
招商银行,236,0000002363,1451982032
招商银行,237,0000002371,1462429936
招商银行,237,0000002372,1429007218
招商银行,237,0000002373,1429839040
招商银行,238,0000002381,1463423748
招商银行,238,0000002382,1477674353
招商银行,238,0000002383,1447404893
招商银行,239,0000002391,1408062859
招商银行,239,0000002392,1436465933
招商银行,239,0000002393,1416748096
招商银行,239,0000002394,1423480421
招商银行,240,0000002401,1408056565
招商银行,241,0000002411,1406622118
招商银行,242,0000002421,1433012313
招商银行,243,0000002431,1467720663
招商银行,243,0000002432,1416651786
招商银行,244,0000002441,1467017840
招商银行,244,0000002442,1420176935
招商银行,245,0000002451,1409932800
招商银行,245,0000002452,1430863887
招商银行,246,0000002461,1478752718
招商银行,246,0000002462,1455117538
招商银行,246,0000002463,1468049794
招商银行,247,0000002471,1417564684
招商银行,247,0000002472,1439617684
招商银行,247,0000002473,1452658039
招商银行,248,0000002481,1453365441
招商银行,248,0000002482,1453476953
招商银行,248,0000002483,1494071904
招商银行,249,0000002491,1443270909
招商银行,249,0000002492,1415420938
招商银行,249,0000002493,1421949172
招商银行,249,0000002494,1463080493
招商银行,250,0000002501,1408756872
招商银行,251,0000002511,1429735026
招商银行,252,0000002521,1427240747
招商银行,253,0000002531,1479532810
招商银行,253,0000002532,1450621563
招商银行,254,0000002541,1473409252
招商银行,254,0000002542,1417683713
招商银行,255,0000002551,1483407642
招商银行,255,0000002552,1449773147
招商银行,256,0000002561,1455518666
招商银行,256,0000002562,1424255858
招商银行,256,0000002563,1464615230
招商银行,257,0000002571,1436601022
招商银行,257,0000002572,1479250665
招商银行,257,0000002573,1491387017
招商银行,258,0000002581,1470874637
招商银行,258,0000002582,1469583143
招商银行,258,0000002583,1432491763
招商银行,259,0000002591,1487025816
招商银行,259,0000002592,1457550743
招商银行,259,0000002593,1410462449
招商银行,259,0000002594,1406893719
招商银行,260,0000002601,1485461885
招商银行,261,0000002611,1405497128
招商银行,262,0000002621,1432172157
招商银行,263,0000002631,1407635077
招商银行,263,0000002632,1447407707
招商银行,264,0000002641,1493038040
招商银行,264,0000002642,1480517617
招商银行,265,0000002651,1462875509
招商银行,265,0000002652,1458761378
招商银行,266,0000002661,1430576017
招商银行,266,0000002662,1457463145
招商银行,266,0000002663,1440581752
招商银行,267,0000002671,1475363088
招商银行,267,0000002672,1429564956
招商银行,267,0000002673,1448295761
招商银行,268,0000002681,1401468297
招商银行,268,0000002682,1417628463
招商银行,268,0000002683,1404809185
招商银行,269,0000002691,1449551645
招商银行,269,0000002692,1468034766
招商银行,269,0000002693,1446852079
招商银行,269,0000002694,1437163898
招商银行,270,0000002701,1488911189
招商银行,271,0000002711,1448579268
招商银行,272,0000002721,1407729027
招商银行,273,0000002731,1491327967
招商银行,273,0000002732,1423287903
招商银行,274,0000002741,1423769290
招商银行,274,0000002742,1483268184
招商银行,275,0000002751,1450844367
招商银行,275,0000002752,1485249133
招商银行,276,0000002761,1468252999
招商银行,276,0000002762,1485608460
招商银行,276,0000002763,1488228308
招商银行,277,0000002771,1408019768
招商银行,277,0000002772,1402601933
招商银行,277,0000002773,1412820043
招商银行,278,0000002781,1452136945
招商银行,278,0000002782,1458941982
招商银行,278,0000002783,1458959569
招商银行,279,0000002791,1444732678
招商银行,279,0000002792,1433637449
招商银行,279,0000002793,1435195212
招商银行,279,0000002794,1449052867
招商银行,280,0000002801,1417719172
招商银行,281,0000002811,1423549842
招商银行,282,0000002821,1414971403
招商银行,283,0000002831,1416494808
招商银行,283,0000002832,1429195454
招商银行,284,0000002841,1437560084
招商银行,284,0000002842,1463853965
招商银行,285,0000002851,1443327621
招商银行,285,0000002852,1439085464
招商银行,286,0000002861,1410248964
招商银行,286,0000002862,1467710238
招商银行,286,0000002863,1475358698
招商银行,287,0000002871,1412203036
招商银行,287,0000002872,1463018784
招商银行,287,0000002873,1431286927
招商银行,288,0000002881,1470322953
招商银行,288,0000002882,1426343089
招商银行,288,0000002883,1467304112
招商银行,289,0000002891,1403156004
招商银行,289,0000002892,1474278870
招商银行,289,0000002893,1416133809
招商银行,289,0000002894,1466848497
招商银行,290,0000002901,1490543861
招商银行,291,0000002911,1417419306
招商银行,292,0000002921,1410588729
招商银行,293,0000002931,1408779706
招商银行,293,0000002932,1435351416
招商银行,294,0000002941,1443446926
招商银行,294,0000002942,1428850134
招商银行,295,0000002951,1486086333
招商银行,295,0000002952,1432343183
招商银行,296,0000002961,1478148886
招商银行,296,0000002962,1493242174
招商银行,296,0000002963,1422293951
招商银行,297,0000002971,1403701490
招商银行,297,0000002972,1457283831
招商银行,297,0000002973,1456365705
招商银行,298,0000002981,1444542473
招商银行,298,0000002982,1416808835
招商银行,298,0000002983,1483021421
招商银行,299,0000002991,1434112217
招商银行,299,0000002992,1410383708
招商银行,299,0000002993,1494747631
招商银行,299,0000002994,1410176973
招商银行,300,0000003001,1453451226
招商银行,301,0000003011,1444166914
招商银行,302,0000003021,1464359713
招商银行,303,0000003031,1448967700
招商银行,303,0000003032,1479851162
招商银行,304,0000003041,1485679507
招商银行,304,0000003042,1400956355
招商银行,305,0000003051,1458860010
招商银行,305,0000003052,1440527709
招商银行,306,0000003061,1434829665
招商银行,306,0000003062,1467674351
招商银行,306,0000003063,1428131240
招商银行,307,0000003071,1481746821
招商银行,307,0000003072,1469892394
招商银行,307,0000003073,1453377182
招商银行,308,0000003081,1462352129
招商银行,308,0000003082,1494234199
招商银行,308,0000003083,1448976206
招商银行,309,0000003091,1404978077
招商银行,309,0000003092,1440963489
招商银行,309,0000003093,1433758445
招商银行,309,0000003094,1413648476
招商银行,310,0000003101,1440857852
招商银行,311,0000003111,1477334568
招商银行,312,0000003121,1402696820
招商银行,313,0000003131,1470419313
招商银行,313,0000003132,1457155258
招商银行,314,0000003141,1491787495
招商银行,314,0000003142,1492401357
招商银行,315,0000003151,1476061104
招商银行,315,0000003152,1416379605
招商银行,316,0000003161,1454483532
招商银行,316,0000003162,1451993057
招商银行,316,0000003163,1436780851
招商银行,317,0000003171,1410224665
招商银行,317,0000003172,1428606661
招商银行,317,0000003173,1452655058
招商银行,318,0000003181,1435469308
招商银行,318,0000003182,1487117730
招商银行,318,0000003183,1472056101
招商银行,319,0000003191,1424052117
招商银行,319,0000003192,1404846992
招商银行,319,0000003193,1410833051
招商银行,319,0000003194,1459981011
招商银行,320,0000003201,1478953553
招商银行,321,0000003211,1485991350
招商银行,322,0000003221,1416842145
招商银行,323,0000003231,1465365001
招商银行,323,0000003232,1480866284
招商银行,324,0000003241,1464839686
招商银行,324,0000003242,1419933746
招商银行,325,0000003251,1430637665
招商银行,325,0000003252,1442234306
招商银行,326,0000003261,1455246948
招商银行,326,0000003262,1405334404
招商银行,326,0000003263,1433208371
招商银行,327,0000003271,1415695808
招商银行,327,0000003272,1416985380
招商银行,327,0000003273,1418387766
招商银行,328,0000003281,1447864324
招商银行,328,0000003282,1430044322
招商银行,328,0000003283,1432913369
招商银行,329,0000003291,1443213148
招商银行,329,0000003292,1480704695
招商银行,329,0000003293,1455614675
招商银行,329,0000003294,1402594574
招商银行,330,0000003301,1446672994
招商银行,331,0000003311,1471391040
招商银行,332,0000003321,1433529627
招商银行,333,0000003331,1473659539
招商银行,333,0000003332,1480026817
招商银行,334,0000003341,1491948912
招商银行,334,0000003342,1475759523
招商银行,335,0000003351,1494704221
招商银行,335,0000003352,1456936204
招商银行,336,0000003361,1404266349
招商银行,336,0000003362,1442005280
招商银行,336,0000003363,1486003434
招商银行,337,0000003371,1407589075
招商银行,337,0000003372,1478437614
招商银行,337,0000003373,1435513510
招商银行,338,0000003381,1438582386
招商银行,338,0000003382,1462035270
招商银行,338,0000003383,1422524523
招商银行,339,0000003391,1481905536
招商银行,339,0000003392,1430230921
招商银行,339,0000003393,1440369610
招商银行,339,0000003394,1475130790
招商银行,340,0000003401,1427496081
招商银行,341,0000003411,1401467285
招商银行,342,0000003421,1487749793
招商银行,343,0000003431,1434606761
招商银行,343,0000003432,1425974652
招商银行,344,0000003441,1434500555
招商银行,344,0000003442,1418291634
招商银行,345,0000003451,1457838303
招商银行,345,0000003452,1417811814
招商银行,346,0000003461,1494388108
招商银行,346,0000003462,1453047678
招商银行,346,0000003463,1480781088
招商银行,347,0000003471,1424080204
招商银行,347,0000003472,1411207230
招商银行,347,0000003473,1400966300
招商银行,348,0000003481,1406178056
招商银行,348,0000003482,1436022480
招商银行,348,0000003483,1419743618
招商银行,349,0000003491,1451686492
招商银行,349,0000003492,1442161789
招商银行,349,0000003493,1424983172
招商银行,349,0000003494,1447123337
招商银行,350,0000003501,1417230418
招商银行,351,0000003511,1417214180
招商银行,352,0000003521,1461359348
招商银行,353,0000003531,1474086620
招商银行,353,0000003532,1484102430
招商银行,354,0000003541,1483837629
招商银行,354,0000003542,1465419541
招商银行,355,0000003551,1411509703
招商银行,355,0000003552,1439741206
招商银行,356,0000003561,1415040656
招商银行,356,0000003562,1453504935
招商银行,356,0000003563,1444118791
招商银行,357,0000003571,1417068618
招商银行,357,0000003572,1448697167
招商银行,357,0000003573,1410350173
招商银行,358,0000003581,1437116445
招商银行,358,0000003582,1419714804
招商银行,358,0000003583,1423330541
招商银行,359,0000003591,1478436252
招商银行,359,0000003592,1415639641
招商银行,359,0000003593,1427358454
招商银行,359,0000003594,1402447867
招商银行,360,0000003601,1435222781
招商银行,361,0000003611,1428255746
招商银行,362,0000003621,1431514727
招商银行,363,0000003631,1403865640
招商银行,363,0000003632,1441239524
招商银行,364,0000003641,1479542832
招商银行,364,0000003642,1486950108
招商银行,365,0000003651,1480993568
招商银行,365,0000003652,1479253655
招商银行,366,0000003661,1445668237
招商银行,366,0000003662,1408170787
招商银行,366,0000003663,1473778394
招商银行,367,0000003671,1459675566
招商银行,367,0000003672,1458634263
招商银行,367,0000003673,1402373750
招商银行,368,0000003681,1467817425
招商银行,368,0000003682,1405592090
招商银行,368,0000003683,1492725096
招商银行,369,0000003691,1472038583
招商银行,369,0000003692,1439010239
招商银行,369,0000003693,1415170542
招商银行,369,0000003694,1437720135
招商银行,370,0000003701,1445038671
招商银行,371,0000003711,1417857564
招商银行,372,0000003721,1488416493
招商银行,373,0000003731,1450073253
招商银行,373,0000003732,1486199795
招商银行,374,0000003741,1421661208
招商银行,374,0000003742,1458915553
招商银行,375,0000003751,1469548353
招商银行,375,0000003752,1429779306
招商银行,376,0000003761,1486124989
招商银行,376,0000003762,1471797434
招商银行,376,0000003763,1422457210
招商银行,377,0000003771,1465203683
招商银行,377,0000003772,1478639732
招商银行,377,0000003773,1481533821
招商银行,378,0000003781,1457010667
招商银行,378,0000003782,1477849235
招商银行,378,0000003783,1486791407
招商银行,379,0000003791,1412622225
招商银行,379,0000003792,1489629471
招商银行,379,0000003793,1400731472
招商银行,379,0000003794,1447561556
招商银行,380,0000003801,1407879753
招商银行,381,0000003811,1488583852
招商银行,382,0000003821,1480798224
招商银行,383,0000003831,1488152496
招商银行,383,0000003832,1412229709
招商银行,384,0000003841,1435960493
招商银行,384,0000003842,1478054202
招商银行,385,0000003851,1433478630
招商银行,385,0000003852,1486384400
招商银行,386,0000003861,1427457592
招商银行,386,0000003862,1493035981
招商银行,386,0000003863,1403629107
招商银行,387,0000003871,1491174587
招商银行,387,0000003872,1486648213
招商银行,387,0000003873,1457972757
招商银行,388,0000003881,1428789854
招商银行,388,0000003882,1407195319
招商银行,388,0000003883,1473115192
招商银行,389,0000003891,1409749274
招商银行,389,0000003892,1439954895
招商银行,389,0000003893,1412483031
招商银行,389,0000003894,1475829594
招商银行,390,0000003901,1418635513
招商银行,391,0000003911,1424537809
招商银行,392,0000003921,1467096270
招商银行,393,0000003931,1432756158
招商银行,393,0000003932,1450126134
招商银行,394,0000003941,1476981667
招商银行,394,0000003942,1408198670
招商银行,395,0000003951,1400426687
招商银行,395,0000003952,1477838923
招商银行,396,0000003961,1455060345
招商银行,396,0000003962,1408663629
招商银行,396,0000003963,1484490959
招商银行,397,0000003971,1476101126
招商银行,397,0000003972,1464171705
招商银行,397,0000003973,1487235936
招商银行,398,0000003981,1442416545
招商银行,398,0000003982,1474825264
招商银行,398,0000003983,1478136306
招商银行,399,0000003991,1462787981
招商银行,399,0000003992,1435468410
招商银行,399,0000003993,1418135853
招商银行,399,0000003994,1435616485
招商银行,400,0000004001,1403750783
招商银行,401,0000004011,1432756619
招商银行,402,0000004021,1481597597
招商银行,403,0000004031,1421402903
招商银行,403,0000004032,1400735612
招商银行,404,0000004041,1438013641
招商银行,404,0000004042,1470938230
招商银行,405,0000004051,1480289947
招商银行,405,0000004052,1492502652
招商银行,406,0000004061,1411663984
招商银行,406,0000004062,1483976249
招商银行,406,0000004063,1492936627
招商银行,407,0000004071,1438210207
招商银行,407,0000004072,1444320617
招商银行,407,0000004073,1431161754
招商银行,408,0000004081,1427946169
招商银行,408,0000004082,1408968003
招商银行,408,0000004083,1421379450
招商银行,409,0000004091,1492495964
招商银行,409,0000004092,1466874534
招商银行,409,0000004093,1451197145
招商银行,409,0000004094,1453558720
招商银行,410,0000004101,1414602528
招商银行,411,0000004111,1415073800
招商银行,412,0000004121,1490980249
招商银行,413,0000004131,1439126722
招商银行,413,0000004132,1457530157
招商银行,414,0000004141,1487853630
招商银行,414,0000004142,1481639374
招商银行,415,0000004151,1438685486
招商银行,415,0000004152,1481543994
招商银行,416,0000004161,1453792060
招商银行,416,0000004162,1474794311
招商银行,416,0000004163,1486961555
招商银行,417,0000004171,1488944877
招商银行,417,0000004172,1483454809
招商银行,417,0000004173,1440950081
招商银行,418,0000004181,1463783344
招商银行,418,0000004182,1416582666
招商银行,418,0000004183,1469065831
招商银行,419,0000004191,1433193117
招商银行,419,0000004192,1406498077
招商银行,419,0000004193,1476915036
招商银行,419,0000004194,1443533690
招商银行,420,0000004201,1481454048
招商银行,421,0000004211,1410407830
招商银行,422,0000004221,1474300015
招商银行,423,0000004231,1401245728
招商银行,423,0000004232,1492563623
招商银行,424,0000004241,1423949091
招商银行,424,0000004242,1420785213
招商银行,425,0000004251,1436016196
招商银行,425,0000004252,1482143580
招商银行,426,0000004261,1464350143
招商银行,426,0000004262,1432899805
招商银行,426,0000004263,1483198178
招商银行,427,0000004271,1467282688
招商银行,427,0000004272,1409672370
招商银行,427,0000004273,1406283823
招商银行,428,0000004281,1487499221
招商银行,428,0000004282,1448305566
招商银行,428,0000004283,1445557402
招商银行,429,0000004291,1465594131
招商银行,429,0000004292,1409053830
招商银行,429,0000004293,1445783482
招商银行,429,0000004294,1418698887
招商银行,430,0000004301,1442021330
招商银行,431,0000004311,1431036880
招商银行,432,0000004321,1424229111
招商银行,433,0000004331,1445274185
招商银行,433,0000004332,1441203357
招商银行,434,0000004341,1488759776
招商银行,434,0000004342,1492262738
招商银行,435,0000004351,1473797006
招商银行,435,0000004352,1484604205
招商银行,436,0000004361,1401777754
招商银行,436,0000004362,1421893889
招商银行,436,0000004363,1488219136
招商银行,437,0000004371,1425841766
招商银行,437,0000004372,1459949014
招商银行,437,0000004373,1493597390
招商银行,438,0000004381,1457110685
招商银行,438,0000004382,1429038720
招商银行,438,0000004383,1459224937
招商银行,439,0000004391,1418067983
招商银行,439,0000004392,1489929753
招商银行,439,0000004393,1463191918
招商银行,439,0000004394,1444566508
招商银行,440,0000004401,1420716260
招商银行,441,0000004411,1472509948
招商银行,442,0000004421,1426935842
招商银行,443,0000004431,1444143285
招商银行,443,0000004432,1467686103
招商银行,444,0000004441,1480077200
招商银行,444,0000004442,1421457638
招商银行,445,0000004451,1490711669
招商银行,445,0000004452,1492618379
招商银行,446,0000004461,1455749854
招商银行,446,0000004462,1463018491
招商银行,446,0000004463,1419059824
招商银行,447,0000004471,1466578370
招商银行,447,0000004472,1423068956
招商银行,447,0000004473,1452723858
招商银行,448,0000004481,1485647988
招商银行,448,0000004482,1441485786
招商银行,448,0000004483,1486940632
招商银行,449,0000004491,1448703635
招商银行,449,0000004492,1449894925
招商银行,449,0000004493,1463421545
招商银行,449,0000004494,1418023681
招商银行,450,0000004501,1402534299
招商银行,451,0000004511,1445551887
招商银行,452,0000004521,1479833900
招商银行,453,0000004531,1462143689
招商银行,453,0000004532,1406089058
招商银行,454,0000004541,1466125145
招商银行,454,0000004542,1493633457
招商银行,455,0000004551,1442940827
招商银行,455,0000004552,1481698933
招商银行,456,0000004561,1416215155
招商银行,456,0000004562,1415623444
招商银行,456,0000004563,1438622667
招商银行,457,0000004571,1485748050
招商银行,457,0000004572,1450188131
招商银行,457,0000004573,1417591585
招商银行,458,0000004581,1426762424
招商银行,458,0000004582,1446055381
招商银行,458,0000004583,1435696373
招商银行,459,0000004591,1400718354
招商银行,459,0000004592,1456463490
招商银行,459,0000004593,1427724298
招商银行,459,0000004594,1458999025
招商银行,460,0000004601,1482490623
招商银行,461,0000004611,1443688281
招商银行,462,0000004621,1443929322
招商银行,463,0000004631,1487083414
招商银行,463,0000004632,1450103374
招商银行,464,0000004641,1456867060
招商银行,464,0000004642,1478114287
招商银行,465,0000004651,1468706165
招商银行,465,0000004652,1419534589
招商银行,466,0000004661,1437217346
招商银行,466,0000004662,1474410078
招商银行,466,0000004663,1435288912
招商银行,467,0000004671,1436302955
招商银行,467,0000004672,1479962978
招商银行,467,0000004673,1493320086
招商银行,468,0000004681,1414436860
招商银行,468,0000004682,1407576966
招商银行,468,0000004683,1401188547
招商银行,469,0000004691,1400548463
招商银行,469,0000004692,1456426569
招商银行,469,0000004693,1424646056
招商银行,469,0000004694,1483899202
招商银行,470,0000004701,1422365759
招商银行,471,0000004711,1474831733
招商银行,472,0000004721,1458635275
招商银行,473,0000004731,1402125709
招商银行,473,0000004732,1409374789
招商银行,474,0000004741,1434584543
招商银行,474,0000004742,1488030889
招商银行,475,0000004751,1463102535
招商银行,475,0000004752,1444888686
招商银行,476,0000004761,1445771145
招商银行,476,0000004762,1474078704
招商银行,476,0000004763,1409899629
招商银行,477,0000004771,1450113680
招商银行,477,0000004772,1447105693
招商银行,477,0000004773,1479927172
招商银行,478,0000004781,1431896711
招商银行,478,0000004782,1412431606
招商银行,478,0000004783,1491285267
招商银行,479,0000004791,1419929014
招商银行,479,0000004792,1410248326
招商银行,479,0000004793,1449711395
招商银行,479,0000004794,1437428057
招商银行,480,0000004801,1401215747
招商银行,481,0000004811,1416094428
招商银行,482,0000004821,1485803260
招商银行,483,0000004831,1413662061
招商银行,483,0000004832,1475784912
招商银行,484,0000004841,1411739823
招商银行,484,0000004842,1476622261
招商银行,485,0000004851,1439469618
招商银行,485,0000004852,1486728776
招商银行,486,0000004861,1414516001
招商银行,486,0000004862,1456991938
招商银行,486,0000004863,1485690725
招商银行,487,0000004871,1422209458
招商银行,487,0000004872,1401008262
招商银行,487,0000004873,1430759607
招商银行,488,0000004881,1452805313
招商银行,488,0000004882,1402525481
招商银行,488,0000004883,1435174272
招商银行,489,0000004891,1433329071
招商银行,489,0000004892,1469815960
招商银行,489,0000004893,1488180241
招商银行,489,0000004894,1491527503
招商银行,490,0000004901,1465890110
招商银行,491,0000004911,1414680869
招商银行,492,0000004921,1423444331
招商银行,493,0000004931,1469047989
招商银行,493,0000004932,1438489123
招商银行,494,0000004941,1458412770
招商银行,494,0000004942,1458302148
招商银行,495,0000004951,1465385988
招商银行,495,0000004952,1490173321
招商银行,496,0000004961,1447434851
招商银行,496,0000004962,1427282567
招商银行,496,0000004963,1431154656
招商银行,497,0000004971,1471787600
招商银行,497,0000004972,1448332155
招商银行,497,0000004973,1411559797
招商银行,498,0000004981,1410747669
招商银行,498,0000004982,1450509393
招商银行,498,0000004983,1456744345
招商银行,499,0000004991,1430522310
招商银行,499,0000004992,1472785540
招商银行,499,0000004993,1405474705
招商银行,499,0000004994,1450064849
招商银行,500,0000005001,1401902599
招商银行,501,0000005011,1470593946
招商银行,502,0000005021,1482597263
招商银行,503,0000005031,1400238555
招商银行,503,0000005032,1405952214
招商银行,504,0000005041,1405918413
招商银行,504,0000005042,1447065902
招商银行,505,0000005051,1455077828
招商银行,505,0000005052,1400538396
招商银行,506,0000005061,1482749683
招商银行,506,0000005062,1462589063
招商银行,506,0000005063,1461864487
招商银行,507,0000005071,1458622697
招商银行,507,0000005072,1494810212
招商银行,507,0000005073,1471908398
招商银行,508,0000005081,1458415596
招商银行,508,0000005082,1429999908
招商银行,508,0000005083,1440819089
招商银行,509,0000005091,1405023597
招商银行,509,0000005092,1429834319
招商银行,509,0000005093,1432718041
招商银行,509,0000005094,1408639514
招商银行,510,0000005101,1469315966
招商银行,511,0000005111,1480531266
招商银行,512,0000005121,1408548225
招商银行,513,0000005131,1408392116
招商银行,513,0000005132,1448669823
招商银行,514,0000005141,1436118374
招商银行,514,0000005142,1467065265
招商银行,515,0000005151,1446362037
招商银行,515,0000005152,1449437632
招商银行,516,0000005161,1404581163
招商银行,516,0000005162,1432246227
招商银行,516,0000005163,1490059199
招商银行,517,0000005171,1482472326
招商银行,517,0000005172,1480308637
招商银行,517,0000005173,1419684013
招商银行,518,0000005181,1405231481
招商银行,518,0000005182,1482106688
招商银行,518,0000005183,1412061519
招商银行,519,0000005191,1481481612
招商银行,519,0000005192,1432470417
招商银行,519,0000005193,1418719614
招商银行,519,0000005194,1427243563
招商银行,520,0000005201,1493923917
招商银行,521,0000005211,1408885680
招商银行,522,0000005221,1415929828
招商银行,523,0000005231,1458856590
招商银行,523,0000005232,1415225375
招商银行,524,0000005241,1475538008
招商银行,524,0000005242,1471111287
招商银行,525,0000005251,1434175453
招商银行,525,0000005252,1428939794
招商银行,526,0000005261,1423288711
招商银行,526,0000005262,1468610589
招商银行,526,0000005263,1466456540
招商银行,527,0000005271,1429927700
招商银行,527,0000005272,1431992828
招商银行,527,0000005273,1489369100
招商银行,528,0000005281,1489698268
招商银行,528,0000005282,1452285301
招商银行,528,0000005283,1408533285
招商银行,529,0000005291,1410687419
招商银行,529,0000005292,1473629301
招商银行,529,0000005293,1465765755
招商银行,529,0000005294,1476360262
招商银行,530,0000005301,1490517284
招商银行,531,0000005311,1486612111
招商银行,532,0000005321,1460961575
招商银行,533,0000005331,1418950438
招商银行,533,0000005332,1492830236
招商银行,534,0000005341,1401393095
招商银行,534,0000005342,1414980095
招商银行,535,0000005351,1453903367
招商银行,535,0000005352,1486562498
招商银行,536,0000005361,1448994954
招商银行,536,0000005362,1457539528
招商银行,536,0000005363,1414635317
招商银行,537,0000005371,1479801543
招商银行,537,0000005372,1463381423
招商银行,537,0000005373,1455160909
招商银行,538,0000005381,1462403633
招商银行,538,0000005382,1485525704
招商银行,538,0000005383,1457087157
招商银行,539,0000005391,1439825916
招商银行,539,0000005392,1484846859
招商银行,539,0000005393,1455176509
招商银行,539,0000005394,1402309903
招商银行,540,0000005401,1491325147
招商银行,541,0000005411,1489679617
招商银行,542,0000005421,1438001332
招商银行,543,0000005431,1456401726
招商银行,543,0000005432,1425767063
招商银行,544,0000005441,1487543924
招商银行,544,0000005442,1491790706
招商银行,545,0000005451,1416905437
招商银行,545,0000005452,1411593649
招商银行,546,0000005461,1437903787
招商银行,546,0000005462,1491338083
招商银行,546,0000005463,1405484515
招商银行,547,0000005471,1475805498
招商银行,547,0000005472,1461642675
招商银行,547,0000005473,1418813897
招商银行,548,0000005481,1423474079
招商银行,548,0000005482,1492439480
招商银行,548,0000005483,1463432635
招商银行,549,0000005491,1490635067
招商银行,549,0000005492,1403469179
招商银行,549,0000005493,1411536145
招商银行,549,0000005494,1488658582
招商银行,550,0000005501,1460349670
招商银行,551,0000005511,1485203105
招商银行,552,0000005521,1468122818
招商银行,553,0000005531,1415982625
招商银行,553,0000005532,1436469492
招商银行,554,0000005541,1407789741
招商银行,554,0000005542,1485168766
招商银行,555,0000005551,1474481279
招商银行,555,0000005552,1400702371
招商银行,556,0000005561,1414607135
招商银行,556,0000005562,1418310474
招商银行,556,0000005563,1426880175
招商银行,557,0000005571,1480207034
招商银行,557,0000005572,1442478492
招商银行,557,0000005573,1474756967
招商银行,558,0000005581,1466882902
招商银行,558,0000005582,1488400445
招商银行,558,0000005583,1448251430
招商银行,559,0000005591,1441096567
招商银行,559,0000005592,1494432003
招商银行,559,0000005593,1448650337
招商银行,559,0000005594,1482608613
招商银行,560,0000005601,1429165309
招商银行,561,0000005611,1481447598
招商银行,562,0000005621,1478720549
招商银行,563,0000005631,1447475210
招商银行,563,0000005632,1443602108
招商银行,564,0000005641,1466887397
招商银行,564,0000005642,1410082529
招商银行,565,0000005651,1452433352
招商银行,565,0000005652,1493200271
招商银行,566,0000005661,1479783985
招商银行,566,0000005662,1491705673
招商银行,566,0000005663,1474861433
招商银行,567,0000005671,1426455339
招商银行,567,0000005672,1450433715
招商银行,567,0000005673,1433816761
招商银行,568,0000005681,1455400040
招商银行,568,0000005682,1488088482
招商银行,568,0000005683,1427978939
招商银行,569,0000005691,1433108687
招商银行,569,0000005692,1414996425
招商银行,569,0000005693,1437314602
招商银行,569,0000005694,1483800055
招商银行,570,0000005701,1430086403
招商银行,571,0000005711,1443688076
招商银行,572,0000005721,1493323876
招商银行,573,0000005731,1404514264
招商银行,573,0000005732,1415970632
招商银行,574,0000005741,1416845827
招商银行,574,0000005742,1431757187
招商银行,575,0000005751,1401714667
招商银行,575,0000005752,1456135006
招商银行,576,0000005761,1491057751
招商银行,576,0000005762,1455310952
招商银行,576,0000005763,1472651830
招商银行,577,0000005771,1450558523
招商银行,577,0000005772,1403298801
招商银行,577,0000005773,1456511029
招商银行,578,0000005781,1433445404
招商银行,578,0000005782,1442159286
招商银行,578,0000005783,1433942758
招商银行,579,0000005791,1479717520
招商银行,579,0000005792,1447185179
招商银行,579,0000005793,1422128054
招商银行,579,0000005794,1455895667
招商银行,580,0000005801,1468546430
招商银行,581,0000005811,1436724021
招商银行,582,0000005821,1412603299
招商银行,583,0000005831,1421790049
招商银行,583,0000005832,1427730571
招商银行,584,0000005841,1404290569
招商银行,584,0000005842,1460185917
招商银行,585,0000005851,1414574888
招商银行,585,0000005852,1464293194
招商银行,586,0000005861,1466064736
招商银行,586,0000005862,1435527075
招商银行,586,0000005863,1427964331
招商银行,587,0000005871,1469666039
招商银行,587,0000005872,1478587278
招商银行,587,0000005873,1431974077
招商银行,588,0000005881,1469934811
招商银行,588,0000005882,1439593406
招商银行,588,0000005883,1423255083
招商银行,589,0000005891,1476631286
招商银行,589,0000005892,1487865565
招商银行,589,0000005893,1406954593
招商银行,589,0000005894,1470434398
招商银行,590,0000005901,1474855250
招商银行,591,0000005911,1471301821
招商银行,592,0000005921,1409628651
招商银行,593,0000005931,1464291271
招商银行,593,0000005932,1463471327
招商银行,594,0000005941,1434012233
招商银行,594,0000005942,1431635706
招商银行,595,0000005951,1490776199
招商银行,595,0000005952,1458164363
招商银行,596,0000005961,1469111674
招商银行,596,0000005962,1428222623
招商银行,596,0000005963,1465118064
招商银行,597,0000005971,1475350367
招商银行,597,0000005972,1431064417
招商银行,597,0000005973,1466461352
招商银行,598,0000005981,1469551051
招商银行,598,0000005982,1422582693
招商银行,598,0000005983,1494048573
招商银行,599,0000005991,1407933564
招商银行,599,0000005992,1471581769
招商银行,599,0000005993,1422507968
招商银行,599,0000005994,1415635031
招商银行,600,0000006001,1441054284
招商银行,601,0000006011,1415438561
招商银行,602,0000006021,1450980143
招商银行,603,0000006031,1480436385
招商银行,603,0000006032,1458925773
招商银行,604,0000006041,1405120434
招商银行,604,0000006042,1436214126
招商银行,605,0000006051,1440535559
招商银行,605,0000006052,1439102594
招商银行,606,0000006061,1402616524
招商银行,606,0000006062,1487542531
招商银行,606,0000006063,1402296978
招商银行,607,0000006071,1413734400
招商银行,607,0000006072,1493534298
招商银行,607,0000006073,1455148899
招商银行,608,0000006081,1414286822
招商银行,608,0000006082,1445692251
招商银行,608,0000006083,1422291754
招商银行,609,0000006091,1471351455
招商银行,609,0000006092,1425732090
招商银行,609,0000006093,1487917709
招商银行,609,0000006094,1407247935
招商银行,610,0000006101,1454691212
招商银行,611,0000006111,1445753398
招商银行,612,0000006121,1458504406
招商银行,613,0000006131,1482873532
招商银行,613,0000006132,1468745121
招商银行,614,0000006141,1446279575
招商银行,614,0000006142,1476458350
招商银行,615,0000006151,1438377572
招商银行,615,0000006152,1402493503
招商银行,616,0000006161,1486291592
招商银行,616,0000006162,1474252480
招商银行,616,0000006163,1486906977
招商银行,617,0000006171,1462400975
招商银行,617,0000006172,1470064619
招商银行,617,0000006173,1463487233
招商银行,618,0000006181,1420977343
招商银行,618,0000006182,1489866807
招商银行,618,0000006183,1448480753
招商银行,619,0000006191,1436870564
招商银行,619,0000006192,1422652926
招商银行,619,0000006193,1436166362
招商银行,619,0000006194,1461806347
招商银行,620,0000006201,1437909944
招商银行,621,0000006211,1448926821
招商银行,622,0000006221,1457365874
招商银行,623,0000006231,1492804787
招商银行,623,0000006232,1494067152
招商银行,624,0000006241,1448282013
招商银行,624,0000006242,1403085615
招商银行,625,0000006251,1452768458
招商银行,625,0000006252,1427440904
招商银行,626,0000006261,1448448109
招商银行,626,0000006262,1444409834
招商银行,626,0000006263,1464940935
招商银行,627,0000006271,1420629533
招商银行,627,0000006272,1443858155
招商银行,627,0000006273,1455735899
招商银行,628,0000006281,1454067306
招商银行,628,0000006282,1474388399
招商银行,628,0000006283,1451735473
招商银行,629,0000006291,1456207642
招商银行,629,0000006292,1435061736
招商银行,629,0000006293,1402801022
招商银行,629,0000006294,1458439837
招商银行,630,0000006301,1482362025
招商银行,631,0000006311,1464064647
招商银行,632,0000006321,1485318131
招商银行,633,0000006331,1411096533
招商银行,633,0000006332,1486252122
招商银行,634,0000006341,1454268503
招商银行,634,0000006342,1453198580
招商银行,635,0000006351,1463064823
招商银行,635,0000006352,1433600585
招商银行,636,0000006361,1448102096
招商银行,636,0000006362,1405062581
招商银行,636,0000006363,1474687469
招商银行,637,0000006371,1440124023
招商银行,637,0000006372,1442449361
招商银行,637,0000006373,1434998652
招商银行,638,0000006381,1473337326
招商银行,638,0000006382,1439887042
招商银行,638,0000006383,1477683223
招商银行,639,0000006391,1442421556
招商银行,639,0000006392,1431764891
招商银行,639,0000006393,1438507837
招商银行,639,0000006394,1405487977
招商银行,640,0000006401,1469876859
招商银行,641,0000006411,1423785511
招商银行,642,0000006421,1472336726
招商银行,643,0000006431,1406152521
招商银行,643,0000006432,1424264374
招商银行,644,0000006441,1409950178
招商银行,644,0000006442,1438587633
招商银行,645,0000006451,1478997571
招商银行,645,0000006452,1475862635
招商银行,646,0000006461,1418483766
招商银行,646,0000006462,1416219480
招商银行,646,0000006463,1446925190
招商银行,647,0000006471,1444733851
招商银行,647,0000006472,1469073415
招商银行,647,0000006473,1476212798
招商银行,648,0000006481,1450752210
招商银行,648,0000006482,1484365922
招商银行,648,0000006483,1453138481
招商银行,649,0000006491,1405440936
招商银行,649,0000006492,1400214615
招商银行,649,0000006493,1483586900
招商银行,649,0000006494,1471296816
招商银行,650,0000006501,1494392514
招商银行,651,0000006511,1453496256
招商银行,652,0000006521,1480804880
招商银行,653,0000006531,1473732585
招商银行,653,0000006532,1464470447
招商银行,654,0000006541,1414975697
招商银行,654,0000006542,1436012111
招商银行,655,0000006551,1493521920
招商银行,655,0000006552,1479224408
招商银行,656,0000006561,1480979152
招商银行,656,0000006562,1417949566
招商银行,656,0000006563,1458592879
招商银行,657,0000006571,1445816792
招商银行,657,0000006572,1438938786
招商银行,657,0000006573,1484410888
招商银行,658,0000006581,1456966940
招商银行,658,0000006582,1464464917
招商银行,658,0000006583,1431216742
招商银行,659,0000006591,1401002202
招商银行,659,0000006592,1486526639
招商银行,659,0000006593,1444018072
招商银行,659,0000006594,1450867491
招商银行,660,0000006601,1427062805
招商银行,661,0000006611,1484911912
招商银行,662,0000006621,1459733044
招商银行,663,0000006631,1459770692
招商银行,663,0000006632,1485100056
招商银行,664,0000006641,1486611405
招商银行,664,0000006642,1421184241
招商银行,665,0000006651,1490114218
招商银行,665,0000006652,1444766811
招商银行,666,0000006661,1483685253
招商银行,666,0000006662,1486896915
招商银行,666,0000006663,1455205171
招商银行,667,0000006671,1435076680
招商银行,667,0000006672,1430836118
招商银行,667,0000006673,1486868034
招商银行,668,0000006681,1455383294
招商银行,668,0000006682,1455267676
招商银行,668,0000006683,1478089058
招商银行,669,0000006691,1455194876
招商银行,669,0000006692,1439203537
招商银行,669,0000006693,1475350346
招商银行,669,0000006694,1469920465
招商银行,670,0000006701,1492181947
招商银行,671,0000006711,1477263055
招商银行,672,0000006721,1448239842
招商银行,673,0000006731,1433596035
招商银行,673,0000006732,1408142895
招商银行,674,0000006741,1411125675
招商银行,674,0000006742,1485266105
招商银行,675,0000006751,1407241448
招商银行,675,0000006752,1484702255
招商银行,676,0000006761,1433427788
招商银行,676,0000006762,1490202910
招商银行,676,0000006763,1422354626
招商银行,677,0000006771,1409897874
招商银行,677,0000006772,1490485275
招商银行,677,0000006773,1484632167
招商银行,678,0000006781,1404494555
招商银行,678,0000006782,1489012160
招商银行,678,0000006783,1437623761
招商银行,679,0000006791,1486656391
招商银行,679,0000006792,1490520889
招商银行,679,0000006793,1412620446
招商银行,679,0000006794,1405159787
招商银行,680,0000006801,1461191831
招商银行,681,0000006811,1466049705
招商银行,682,0000006821,1480372574
招商银行,683,0000006831,1400816565
招商银行,683,0000006832,1450497860
招商银行,684,0000006841,1477812285
招商银行,684,0000006842,1450040210
招商银行,685,0000006851,1409164817
招商银行,685,0000006852,1454558316
招商银行,686,0000006861,1426122922
招商银行,686,0000006862,1471532965
招商银行,686,0000006863,1425570191
招商银行,687,0000006871,1409606139
招商银行,687,0000006872,1421933086
招商银行,687,0000006873,1437939453
招商银行,688,0000006881,1420291895
招商银行,688,0000006882,1475827235
招商银行,688,0000006883,1459296364
招商银行,689,0000006891,1493578869
招商银行,689,0000006892,1456528077
招商银行,689,0000006893,1443404389
招商银行,689,0000006894,1403456914
招商银行,690,0000006901,1434026109
招商银行,691,0000006911,1492797546
招商银行,692,0000006921,1454681987
招商银行,693,0000006931,1413005112
招商银行,693,0000006932,1486333535
招商银行,694,0000006941,1422541328
招商银行,694,0000006942,1471762829
招商银行,695,0000006951,1422298359
招商银行,695,0000006952,1457870835
招商银行,696,0000006961,1470916456
招商银行,696,0000006962,1426157658
招商银行,696,0000006963,1463960843
招商银行,697,0000006971,1428225626
招商银行,697,0000006972,1464006892
招商银行,697,0000006973,1429401984
招商银行,698,0000006981,1450523881
招商银行,698,0000006982,1440313456
招商银行,698,0000006983,1442739423
招商银行,699,0000006991,1486812385
招商银行,699,0000006992,1480796568
招商银行,699,0000006993,1483804721
招商银行,699,0000006994,1461629100
招商银行,700,0000007001,1430655286
招商银行,701,0000007011,1489423103
招商银行,702,0000007021,1447136229
招商银行,703,0000007031,1480210672
招商银行,703,0000007032,1425656351
招商银行,704,0000007041,1404653159
招商银行,704,0000007042,1471961292
招商银行,705,0000007051,1420028918
招商银行,705,0000007052,1408393244
招商银行,706,0000007061,1463290903
招商银行,706,0000007062,1429950375
招商银行,706,0000007063,1400438087
招商银行,707,0000007071,1486289890
招商银行,707,0000007072,1402986350
招商银行,707,0000007073,1436596864
招商银行,708,0000007081,1476262401
招商银行,708,0000007082,1458748188
招商银行,708,0000007083,1486514376
招商银行,709,0000007091,1489934176
招商银行,709,0000007092,1465209070
招商银行,709,0000007093,1408501842
招商银行,709,0000007094,1477235868
招商银行,710,0000007101,1420555326
招商银行,711,0000007111,1460693751
招商银行,712,0000007121,1400499239
招商银行,713,0000007131,1409470546
招商银行,713,0000007132,1421899199
招商银行,714,0000007141,1488711448
招商银行,714,0000007142,1434750724
招商银行,715,0000007151,1407938755
招商银行,715,0000007152,1453656385
招商银行,716,0000007161,1490966152
招商银行,716,0000007162,1477199579
招商银行,716,0000007163,1484619951
招商银行,717,0000007171,1412053283
招商银行,717,0000007172,1482095369
招商银行,717,0000007173,1435474051
招商银行,718,0000007181,1470990549
招商银行,718,0000007182,1478998731
招商银行,718,0000007183,1442861940
招商银行,719,0000007191,1491943802
招商银行,719,0000007192,1484635448
招商银行,719,0000007193,1483908731
招商银行,719,0000007194,1416741548
招商银行,720,0000007201,1469916195
招商银行,721,0000007211,1428873694
招商银行,722,0000007221,1491949763
招商银行,723,0000007231,1494226819
招商银行,723,0000007232,1454358532
招商银行,724,0000007241,1441947602
招商银行,724,0000007242,1411335131
招商银行,725,0000007251,1448734262
招商银行,725,0000007252,1409832926
招商银行,726,0000007261,1465151711
招商银行,726,0000007262,1455243924
招商银行,726,0000007263,1452604377
招商银行,727,0000007271,1400336264
招商银行,727,0000007272,1444909833
招商银行,727,0000007273,1405770470
招商银行,728,0000007281,1455260476
招商银行,728,0000007282,1410440755
招商银行,728,0000007283,1438125882
招商银行,729,0000007291,1484966996
招商银行,729,0000007292,1400940667
招商银行,729,0000007293,1403920338
招商银行,729,0000007294,1431574496
招商银行,730,0000007301,1465107623
招商银行,731,0000007311,1449908247
招商银行,732,0000007321,1402132030
招商银行,733,0000007331,1448036191
招商银行,733,0000007332,1400368621
招商银行,734,0000007341,1419786416
招商银行,734,0000007342,1423854898
招商银行,735,0000007351,1428522971
招商银行,735,0000007352,1475300137
招商银行,736,0000007361,1404946191
招商银行,736,0000007362,1483908320
招商银行,736,0000007363,1458716329
招商银行,737,0000007371,1494131806
招商银行,737,0000007372,1470390058
招商银行,737,0000007373,1453334712
招商银行,738,0000007381,1453407749
招商银行,738,0000007382,1418935301
招商银行,738,0000007383,1442891197
招商银行,739,0000007391,1401576035
招商银行,739,0000007392,1405081017
招商银行,739,0000007393,1487810758
招商银行,739,0000007394,1480502639
招商银行,740,0000007401,1458530657
招商银行,741,0000007411,1490070686
招商银行,742,0000007421,1473827761
招商银行,743,0000007431,1459901333
招商银行,743,0000007432,1448485646
招商银行,744,0000007441,1479386782
招商银行,744,0000007442,1456713422
招商银行,745,0000007451,1416431131
招商银行,745,0000007452,1484179773
招商银行,746,0000007461,1462711521
招商银行,746,0000007462,1493131281
招商银行,746,0000007463,1406328844
招商银行,747,0000007471,1489525956
招商银行,747,0000007472,1425409735
招商银行,747,0000007473,1423917328
招商银行,748,0000007481,1417571222
招商银行,748,0000007482,1477600705
招商银行,748,0000007483,1424815287
招商银行,749,0000007491,1441883332
招商银行,749,0000007492,1415424391
招商银行,749,0000007493,1477869823
招商银行,749,0000007494,1443787558
招商银行,750,0000007501,1441123374
招商银行,751,0000007511,1460745748
招商银行,752,0000007521,1470817333
招商银行,753,0000007531,1412643410
招商银行,753,0000007532,1474396387
招商银行,754,0000007541,1423645897
招商银行,754,0000007542,1430195795
招商银行,755,0000007551,1429305046
招商银行,755,0000007552,1493949445
招商银行,756,0000007561,1475750893
招商银行,756,0000007562,1419620210
招商银行,756,0000007563,1413575024
招商银行,757,0000007571,1419263470
招商银行,757,0000007572,1446396463
招商银行,757,0000007573,1434588149
招商银行,758,0000007581,1440381079
招商银行,758,0000007582,1448851217
招商银行,758,0000007583,1448780562
招商银行,759,0000007591,1444835513
招商银行,759,0000007592,1450816585
招商银行,759,0000007593,1414850867
招商银行,759,0000007594,1414647239
招商银行,760,0000007601,1442634653
招商银行,761,0000007611,1492439542
招商银行,762,0000007621,1478135876
招商银行,763,0000007631,1401065665
招商银行,763,0000007632,1417995838
招商银行,764,0000007641,1425070201
招商银行,764,0000007642,1411325476
招商银行,765,0000007651,1467611808
招商银行,765,0000007652,1407504769
招商银行,766,0000007661,1471737814
招商银行,766,0000007662,1478213884
招商银行,766,0000007663,1487047973
招商银行,767,0000007671,1474779784
招商银行,767,0000007672,1446847222
招商银行,767,0000007673,1426044467
招商银行,768,0000007681,1481878283
招商银行,768,0000007682,1468567794
招商银行,768,0000007683,1442489628
招商银行,769,0000007691,1420449435
招商银行,769,0000007692,1437979863
招商银行,769,0000007693,1463320901
招商银行,769,0000007694,1433097815
招商银行,770,0000007701,1446182046
招商银行,771,0000007711,1444892764
招商银行,772,0000007721,1489055631
招商银行,773,0000007731,1411782515
招商银行,773,0000007732,1432520221
招商银行,774,0000007741,1422854639
招商银行,774,0000007742,1489012599
招商银行,775,0000007751,1450757775
招商银行,775,0000007752,1418801263
招商银行,776,0000007761,1442165089
招商银行,776,0000007762,1455972468
招商银行,776,0000007763,1470725424
招商银行,777,0000007771,1431869760
招商银行,777,0000007772,1442467517
招商银行,777,0000007773,1494430228
招商银行,778,0000007781,1415014756
招商银行,778,0000007782,1454833310
招商银行,778,0000007783,1469022383
招商银行,779,0000007791,1487406503
招商银行,779,0000007792,1445490343
招商银行,779,0000007793,1463754232
招商银行,779,0000007794,1490535493
招商银行,780,0000007801,1459980733
招商银行,781,0000007811,1477893505
招商银行,782,0000007821,1434455334
招商银行,783,0000007831,1486851853
招商银行,783,0000007832,1416645816
招商银行,784,0000007841,1420114391
招商银行,784,0000007842,1410142672
招商银行,785,0000007851,1430817556
招商银行,785,0000007852,1409946456
招商银行,786,0000007861,1450785163
招商银行,786,0000007862,1483267800
招商银行,786,0000007863,1433592740
招商银行,787,0000007871,1467855451
招商银行,787,0000007872,1436718476
招商银行,787,0000007873,1463968542
招商银行,788,0000007881,1409461745
招商银行,788,0000007882,1472534257
招商银行,788,0000007883,1424641434
招商银行,789,0000007891,1472174805
招商银行,789,0000007892,1432352013
招商银行,789,0000007893,1406126954
招商银行,789,0000007894,1493342535
招商银行,790,0000007901,1492169154
招商银行,791,0000007911,1401709847
招商银行,792,0000007921,1422222923
招商银行,793,0000007931,1429248285
招商银行,793,0000007932,1432648266
招商银行,794,0000007941,1402855387
招商银行,794,0000007942,1462714757
招商银行,795,0000007951,1446800754
招商银行,795,0000007952,1412760667
招商银行,796,0000007961,1491897914
招商银行,796,0000007962,1424585505
招商银行,796,0000007963,1429225010
招商银行,797,0000007971,1451372380
招商银行,797,0000007972,1411371210
招商银行,797,0000007973,1427856834
招商银行,798,0000007981,1453797734
招商银行,798,0000007982,1490732139
招商银行,798,0000007983,1430306855
招商银行,799,0000007991,1474977028
招商银行,799,0000007992,1422281091
招商银行,799,0000007993,1459181808
招商银行,799,0000007994,1423471078
招商银行,800,0000008001,1479195610
招商银行,801,0000008011,1426254138
招商银行,802,0000008021,1421447304
招商银行,803,0000008031,1430442309
招商银行,803,0000008032,1434651379
招商银行,804,0000008041,1407827881
招商银行,804,0000008042,1479031526
招商银行,805,0000008051,1438687953
招商银行,805,0000008052,1435007988
招商银行,806,0000008061,1485896486
招商银行,806,0000008062,1460613898
招商银行,806,0000008063,1423270042
招商银行,807,0000008071,1483321705
招商银行,807,0000008072,1408520669
招商银行,807,0000008073,1406543739
招商银行,808,0000008081,1402230305
招商银行,808,0000008082,1409130964
招商银行,808,0000008083,1492147629
招商银行,809,0000008091,1410134359
招商银行,809,0000008092,1418693518
招商银行,809,0000008093,1405060194
招商银行,809,0000008094,1403947248
招商银行,810,0000008101,1447023860
招商银行,811,0000008111,1475670897
招商银行,812,0000008121,1424405782
招商银行,813,0000008131,1424758491
招商银行,813,0000008132,1490562614
招商银行,814,0000008141,1471754189
招商银行,814,0000008142,1427217973
招商银行,815,0000008151,1448968515
招商银行,815,0000008152,1451634418
招商银行,816,0000008161,1447233928
招商银行,816,0000008162,1410789794
招商银行,816,0000008163,1419122642
招商银行,817,0000008171,1436750268
招商银行,817,0000008172,1410094701
招商银行,817,0000008173,1442242704
招商银行,818,0000008181,1477228027
招商银行,818,0000008182,1425852302
招商银行,818,0000008183,1427831401
招商银行,819,0000008191,1442963438
招商银行,819,0000008192,1450438675
招商银行,819,0000008193,1410318001
招商银行,819,0000008194,1405533764
招商银行,820,0000008201,1494174048
招商银行,821,0000008211,1443598315
招商银行,822,0000008221,1441262474
招商银行,823,0000008231,1413823251
招商银行,823,0000008232,1421214920
招商银行,824,0000008241,1425772471
招商银行,824,0000008242,1478813898
招商银行,825,0000008251,1447426541
招商银行,825,0000008252,1447866942
招商银行,826,0000008261,1428075695
招商银行,826,0000008262,1479904473
招商银行,826,0000008263,1435336161
招商银行,827,0000008271,1436082659
招商银行,827,0000008272,1486240059
招商银行,827,0000008273,1410768419
招商银行,828,0000008281,1467534762
招商银行,828,0000008282,1421041462
招商银行,828,0000008283,1414172451
招商银行,829,0000008291,1493698416
招商银行,829,0000008292,1418268021
招商银行,829,0000008293,1480450667
招商银行,829,0000008294,1450992522
招商银行,830,0000008301,1401709716
招商银行,831,0000008311,1417236622
招商银行,832,0000008321,1403298551
招商银行,833,0000008331,1420991288
招商银行,833,0000008332,1423365226
招商银行,834,0000008341,1465856400
招商银行,834,0000008342,1443544085
招商银行,835,0000008351,1411125659
招商银行,835,0000008352,1428732834
招商银行,836,0000008361,1421462819
招商银行,836,0000008362,1478835599
招商银行,836,0000008363,1491425688
招商银行,837,0000008371,1438888782
招商银行,837,0000008372,1417506429
招商银行,837,0000008373,1482737109
招商银行,838,0000008381,1489452126
招商银行,838,0000008382,1442075868
招商银行,838,0000008383,1457758310
招商银行,839,0000008391,1491590543
招商银行,839,0000008392,1487644880
招商银行,839,0000008393,1422632360
招商银行,839,0000008394,1469058000
招商银行,840,0000008401,1466381047
招商银行,841,0000008411,1490010224
招商银行,842,0000008421,1424641484
招商银行,843,0000008431,1406496499
招商银行,843,0000008432,1402120259
招商银行,844,0000008441,1419046182
招商银行,844,0000008442,1419604515
招商银行,845,0000008451,1474582617
招商银行,845,0000008452,1459970445
招商银行,846,0000008461,1491560729
招商银行,846,0000008462,1472205999
招商银行,846,0000008463,1457579093
招商银行,847,0000008471,1401599421
招商银行,847,0000008472,1450835342
招商银行,847,0000008473,1478620670
招商银行,848,0000008481,1466786124
招商银行,848,0000008482,1419979391
招商银行,848,0000008483,1426276030
招商银行,849,0000008491,1482752118
招商银行,849,0000008492,1466944465
招商银行,849,0000008493,1438186983
招商银行,849,0000008494,1489475078
招商银行,850,0000008501,1425518755
招商银行,851,0000008511,1472284845
招商银行,852,0000008521,1456518008
招商银行,853,0000008531,1444267269
招商银行,853,0000008532,1400487396
招商银行,854,0000008541,1466151340
招商银行,854,0000008542,1494038047
招商银行,855,0000008551,1442204421
招商银行,855,0000008552,1460479045
招商银行,856,0000008561,1474287669
招商银行,856,0000008562,1464720892
招商银行,856,0000008563,1418507638
招商银行,857,0000008571,1413047461
招商银行,857,0000008572,1448444683
招商银行,857,0000008573,1440440368
招商银行,858,0000008581,1491634140
招商银行,858,0000008582,1421559914
招商银行,858,0000008583,1438124392
招商银行,859,0000008591,1413472003
招商银行,859,0000008592,1430824666
招商银行,859,0000008593,1429402776
招商银行,859,0000008594,1446653641
招商银行,860,0000008601,1422150233
招商银行,861,0000008611,1439561610
招商银行,862,0000008621,1494342109
招商银行,863,0000008631,1478522649
招商银行,863,0000008632,1494157383
招商银行,864,0000008641,1407584034
招商银行,864,0000008642,1418231400
招商银行,865,0000008651,1465276428
招商银行,865,0000008652,1458352213
招商银行,866,0000008661,1407380118
招商银行,866,0000008662,1415183336
招商银行,866,0000008663,1457528627
招商银行,867,0000008671,1490648241
招商银行,867,0000008672,1425941745
招商银行,867,0000008673,1411081227
招商银行,868,0000008681,1407830543
招商银行,868,0000008682,1454290266
招商银行,868,0000008683,1450229754
招商银行,869,0000008691,1426280456
招商银行,869,0000008692,1483288810
招商银行,869,0000008693,1414228613
招商银行,869,0000008694,1438801217
招商银行,870,0000008701,1449759275
招商银行,871,0000008711,1445114721
招商银行,872,0000008721,1434372530
招商银行,873,0000008731,1400328072
招商银行,873,0000008732,1471107484
招商银行,874,0000008741,1473293257
招商银行,874,0000008742,1408536257
招商银行,875,0000008751,1464220259
招商银行,875,0000008752,1458343587
招商银行,876,0000008761,1436506844
招商银行,876,0000008762,1472813090
招商银行,876,0000008763,1439014499
招商银行,877,0000008771,1440657285
招商银行,877,0000008772,1400217171
招商银行,877,0000008773,1432363055
招商银行,878,0000008781,1489997475
招商银行,878,0000008782,1478855880
招商银行,878,0000008783,1447342783
招商银行,879,0000008791,1424422614
招商银行,879,0000008792,1491162756
招商银行,879,0000008793,1412460146
招商银行,879,0000008794,1435161748
招商银行,880,0000008801,1410738721
招商银行,881,0000008811,1416285156
招商银行,882,0000008821,1445600455
招商银行,883,0000008831,1410640298
招商银行,883,0000008832,1465124278
招商银行,884,0000008841,1444741229
招商银行,884,0000008842,1410108111
招商银行,885,0000008851,1423886535
招商银行,885,0000008852,1406736806
招商银行,886,0000008861,1454805136
招商银行,886,0000008862,1488130548
招商银行,886,0000008863,1447126561
招商银行,887,0000008871,1418294781
招商银行,887,0000008872,1441450979
招商银行,887,0000008873,1438950870
招商银行,888,0000008881,1444847107
招商银行,888,0000008882,1448475630
招商银行,888,0000008883,1485582977
招商银行,889,0000008891,1426658020
招商银行,889,0000008892,1443682565
招商银行,889,0000008893,1419921629
招商银行,889,0000008894,1486817711
招商银行,890,0000008901,1410675947
招商银行,891,0000008911,1491835874
招商银行,892,0000008921,1478073584
招商银行,893,0000008931,1411182355
招商银行,893,0000008932,1476864163
招商银行,894,0000008941,1479072094
招商银行,894,0000008942,1405699326
招商银行,895,0000008951,1458052154
招商银行,895,0000008952,1466222109
招商银行,896,0000008961,1452510774
招商银行,896,0000008962,1413072834
招商银行,896,0000008963,1458512720
招商银行,897,0000008971,1455615494
招商银行,897,0000008972,1472400786
招商银行,897,0000008973,1448026752
招商银行,898,0000008981,1409914892
招商银行,898,0000008982,1423106637
招商银行,898,0000008983,1479163315
招商银行,899,0000008991,1443655517
招商银行,899,0000008992,1433272965
招商银行,899,0000008993,1494843198
招商银行,899,0000008994,1436686563
招商银行,900,0000009001,1450401799
招商银行,901,0000009011,1452112173
招商银行,902,0000009021,1416093294
招商银行,903,0000009031,1406636414
招商银行,903,0000009032,1483670944
招商银行,904,0000009041,1409068984
招商银行,904,0000009042,1454595982
招商银行,905,0000009051,1420163812
招商银行,905,0000009052,1465332042
招商银行,906,0000009061,1491562827
招商银行,906,0000009062,1483510388
招商银行,906,0000009063,1436619604
招商银行,907,0000009071,1402756185
招商银行,907,0000009072,1403894344
招商银行,907,0000009073,1412019802
招商银行,908,0000009081,1494204966
招商银行,908,0000009082,1418316928
招商银行,908,0000009083,1425419789
招商银行,909,0000009091,1493863011
招商银行,909,0000009092,1447565409
招商银行,909,0000009093,1488959108
招商银行,909,0000009094,1494223459
招商银行,910,0000009101,1485344193
招商银行,911,0000009111,1428596730
招商银行,912,0000009121,1407197977
招商银行,913,0000009131,1406056783
招商银行,913,0000009132,1414488766
招商银行,914,0000009141,1418079530
招商银行,914,0000009142,1476800731
招商银行,915,0000009151,1473672773
招商银行,915,0000009152,1483588569
招商银行,916,0000009161,1463508219
招商银行,916,0000009162,1403983459
招商银行,916,0000009163,1491701507
招商银行,917,0000009171,1451120917
招商银行,917,0000009172,1436371804
招商银行,917,0000009173,1482136726
招商银行,918,0000009181,1401383414
招商银行,918,0000009182,1485939149
招商银行,918,0000009183,1406685768
招商银行,919,0000009191,1420156696
招商银行,919,0000009192,1451853939
招商银行,919,0000009193,1400481467
招商银行,919,0000009194,1448714378
招商银行,920,0000009201,1431020285
招商银行,921,0000009211,1423887894
招商银行,922,0000009221,1431726234
招商银行,923,0000009231,1481735972
招商银行,923,0000009232,1433940183
招商银行,924,0000009241,1429247356
招商银行,924,0000009242,1471699087
招商银行,925,0000009251,1426314093
招商银行,925,0000009252,1409429469
招商银行,926,0000009261,1487127229
招商银行,926,0000009262,1491524049
招商银行,926,0000009263,1462948594
招商银行,927,0000009271,1414816059
招商银行,927,0000009272,1418913025
招商银行,927,0000009273,1457368336
招商银行,928,0000009281,1489729793
招商银行,928,0000009282,1479384932
招商银行,928,0000009283,1400342278
招商银行,929,0000009291,1458012629
招商银行,929,0000009292,1446398542
招商银行,929,0000009293,1415862759
招商银行,929,0000009294,1402447162
招商银行,930,0000009301,1487368470
招商银行,931,0000009311,1409993508
招商银行,932,0000009321,1404834973
招商银行,933,0000009331,1493539223
招商银行,933,0000009332,1411582560
招商银行,934,0000009341,1486305813
招商银行,934,0000009342,1415838151
招商银行,935,0000009351,1446064572
招商银行,935,0000009352,1494000947
招商银行,936,0000009361,1407282900
招商银行,936,0000009362,1412419143
招商银行,936,0000009363,1492661915
招商银行,937,0000009371,1467682358
招商银行,937,0000009372,1490494259
招商银行,937,0000009373,1401253366
招商银行,938,0000009381,1478568448
招商银行,938,0000009382,1406432906
招商银行,938,0000009383,1456691305
招商银行,939,0000009391,1441807893
招商银行,939,0000009392,1439616844
招商银行,939,0000009393,1487097746
招商银行,939,0000009394,1429102056
招商银行,940,0000009401,1400259874
招商银行,941,0000009411,1444342219
招商银行,942,0000009421,1478132279
招商银行,943,0000009431,1411980022
招商银行,943,0000009432,1465291602
招商银行,944,0000009441,1478473109
招商银行,944,0000009442,1410504608
招商银行,945,0000009451,1423652267
招商银行,945,0000009452,1407442953
招商银行,946,0000009461,1486317631
招商银行,946,0000009462,1464385433
招商银行,946,0000009463,1411052635
招商银行,947,0000009471,1462464214
招商银行,947,0000009472,1405200664
招商银行,947,0000009473,1404515854
招商银行,948,0000009481,1427819424
招商银行,948,0000009482,1423341184
招商银行,948,0000009483,1437622384
招商银行,949,0000009491,1490159749
招商银行,949,0000009492,1412446245
招商银行,949,0000009493,1492578263
招商银行,949,0000009494,1464778614
招商银行,950,0000009501,1485412160
招商银行,951,0000009511,1444339272
招商银行,952,0000009521,1437195388
招商银行,953,0000009531,1448863839
招商银行,953,0000009532,1440877813
招商银行,954,0000009541,1431265157
招商银行,954,0000009542,1460396634
招商银行,955,0000009551,1468245734
招商银行,955,0000009552,1463602343
招商银行,956,0000009561,1441274281
招商银行,956,0000009562,1468134699
招商银行,956,0000009563,1483246974
招商银行,957,0000009571,1411523788
招商银行,957,0000009572,1419102665
招商银行,957,0000009573,1458739756
招商银行,958,0000009581,1453490096
招商银行,958,0000009582,1448828193
招商银行,958,0000009583,1451784956
招商银行,959,0000009591,1480276018
招商银行,959,0000009592,1479243516
招商银行,959,0000009593,1428683157
招商银行,959,0000009594,1477435384
招商银行,960,0000009601,1427013135
招商银行,961,0000009611,1469946365
招商银行,962,0000009621,1471033834
招商银行,963,0000009631,1477736020
招商银行,963,0000009632,1487521361
招商银行,964,0000009641,1434647535
招商银行,964,0000009642,1401802222
招商银行,965,0000009651,1485889008
招商银行,965,0000009652,1473522744
招商银行,966,0000009661,1423223317
招商银行,966,0000009662,1485566865
招商银行,966,0000009663,1429063037
招商银行,967,0000009671,1464619995
招商银行,967,0000009672,1442899902
招商银行,967,0000009673,1450166399
招商银行,968,0000009681,1454004796
招商银行,968,0000009682,1422017277
招商银行,968,0000009683,1430435568
招商银行,969,0000009691,1455527869
招商银行,969,0000009692,1449338673
招商银行,969,0000009693,1403283384
招商银行,969,0000009694,1445858653
招商银行,970,0000009701,1459707116
招商银行,971,0000009711,1430258729
招商银行,972,0000009721,1403780485
招商银行,973,0000009731,1458172146
招商银行,973,0000009732,1434559384
招商银行,974,0000009741,1439880341
招商银行,974,0000009742,1491303698
招商银行,975,0000009751,1406137260
招商银行,975,0000009752,1438490519
招商银行,976,0000009761,1458322406
招商银行,976,0000009762,1489622075
招商银行,976,0000009763,1461457588
招商银行,977,0000009771,1417259337
招商银行,977,0000009772,1475630897
招商银行,977,0000009773,1472753857
招商银行,978,0000009781,1406412325
招商银行,978,0000009782,1417799236
招商银行,978,0000009783,1427736967
招商银行,979,0000009791,1404243570
招商银行,979,0000009792,1404233729
招商银行,979,0000009793,1412441580
招商银行,979,0000009794,1418524303
招商银行,980,0000009801,1443826274
招商银行,981,0000009811,1413150685
招商银行,982,0000009821,1413708592
招商银行,983,0000009831,1402711925
招商银行,983,0000009832,1411713973
招商银行,984,0000009841,1440959528
招商银行,984,0000009842,1435182990
招商银行,985,0000009851,1486258705
招商银行,985,0000009852,1437271974
招商银行,986,0000009861,1403347789
招商银行,986,0000009862,1447506886
招商银行,986,0000009863,1407594942
招商银行,987,0000009871,1469340827
招商银行,987,0000009872,1444002719
招商银行,987,0000009873,1492656470
招商银行,988,0000009881,1410383412
招商银行,988,0000009882,1403960721
招商银行,988,0000009883,1464686426
招商银行,989,0000009891,1456861120
招商银行,989,0000009892,1471077299
招商银行,989,0000009893,1488032724
招商银行,989,0000009894,1411353020
招商银行,990,0000009901,1431114622
招商银行,991,0000009911,1454913903
招商银行,992,0000009921,1419239181
招商银行,993,0000009931,1453122841
招商银行,993,0000009932,1424375372
招商银行,994,0000009941,1405552284
招商银行,994,0000009942,1427906769
招商银行,995,0000009951,1411284638
招商银行,995,0000009952,1460422842
招商银行,996,0000009961,1452759173
招商银行,996,0000009962,1493796079
招商银行,996,0000009963,1479695483
招商银行,997,0000009971,1477689614
招商银行,997,0000009972,1472855839
招商银行,997,0000009973,1436847609
招商银行,998,0000009981,1472066547
招商银行,998,0000009982,1406703016
招商银行,998,0000009983,1411436101
招商银行,999,0000009991,1471230309
招商银行,999,0000009992,1481122722
招商银行,999,0000009993,1440299743
招商银行,999,0000009994,1486097385
